GPU,release_mode,seatbelts_on,model,steps,agent_count,env_width,comm_radius,mean_agent_density,mean_mean_message_count,mean_s_rtc,mean_s_simulation,mean_s_init,mean_s_exit,mean_s_step_mean,env_volume,comm_radius_as_percentage_env_width,label,mean_s_simulation__speedup__V100_SXM2_CUDA_11.8
Tesla V100-SXM2-32GB,1,0,circles_bruteforce,200,10648,22.000000,2.000000,1.000000,10648.000000,0.000000,1.277645,0.000000,0.000000,0.006375,10648.000000,9.090909,V100 SXM2 CUDA 11.8,1.000000
Tesla V100-SXM2-32GB,1,0,circles_bruteforce,200,19683,27.000000,2.000000,1.000000,19683.000000,0.000000,2.251995,0.000000,0.000000,0.011246,19683.000000,7.407407,V100 SXM2 CUDA 11.8,1.000000
Tesla V100-SXM2-32GB,1,0,circles_bruteforce,200,29791,31.000000,2.000000,1.000000,29791.000000,0.000000,3.373203,0.000000,0.000000,0.016853,29791.000000,6.451613,V100 SXM2 CUDA 11.8,1.000000
Tesla V100-SXM2-32GB,1,0,circles_bruteforce,200,39304,34.000000,2.000000,1.000000,39304.000000,0.000000,4.428148,0.000000,0.000000,0.022127,39304.000000,5.882353,V100 SXM2 CUDA 11.8,1.000000
Tesla V100-SXM2-32GB,1,0,circles_bruteforce,200,50653,37.000000,2.000000,1.000000,50653.000000,0.000000,5.686092,0.000000,0.000000,0.028418,50653.000000,5.405405,V100 SXM2 CUDA 11.8,1.000000
Tesla V100-SXM2-32GB,1,0,circles_bruteforce,200,59319,39.000000,2.000000,1.000000,59319.000000,0.000000,6.629207,0.000000,0.000000,0.033133,59319.000000,5.128205,V100 SXM2 CUDA 11.8,1.000000
Tesla V100-SXM2-32GB,1,0,circles_bruteforce,200,68921,41.000000,2.000000,1.000000,68921.000000,0.000000,11.377821,0.000000,0.000000,0.056876,68921.000000,4.878049,V100 SXM2 CUDA 11.8,1.000000
Tesla V100-SXM2-32GB,1,0,circles_bruteforce,200,79507,43.000000,2.000000,1.000000,79507.000000,0.000000,13.033390,0.000000,0.000000,0.065154,79507.000000,4.651163,V100 SXM2 CUDA 11.8,1.000000
Tesla V100-SXM2-32GB,1,0,circles_bruteforce,200,91125,45.000000,2.000000,1.000000,91125.000000,0.000000,14.913073,0.000000,0.000000,0.074552,91125.000000,4.444444,V100 SXM2 CUDA 11.8,1.000000
Tesla V100-SXM2-32GB,1,0,circles_bruteforce,200,97336,46.000000,2.000000,1.000000,97336.000000,0.000000,15.998378,0.000000,0.000000,0.079978,97336.000000,4.347826,V100 SXM2 CUDA 11.8,1.000000
Tesla V100-SXM2-32GB,1,0,circles_bruteforce,200,195112,58.000000,2.000000,1.000000,195112.000000,0.000000,63.392280,0.000000,0.000000,0.316946,195112.000000,3.448276,V100 SXM2 CUDA 11.8,1.000000
Tesla V100-SXM2-32GB,1,0,circles_bruteforce,200,300763,67.000000,2.000000,1.000000,300763.000000,0.000000,146.278580,0.000000,0.000000,0.731377,300763.000000,2.985075,V100 SXM2 CUDA 11.8,1.000000
Tesla V100-SXM2-32GB,1,0,circles_bruteforce,200,405224,74.000000,2.000000,1.000000,405224.000000,0.000000,262.695597,0.000000,0.000000,1.313459,405224.000000,2.702703,V100 SXM2 CUDA 11.8,1.000000
Tesla V100-SXM2-32GB,1,0,circles_bruteforce,200,493039,79.000000,2.000000,1.000000,493039.000000,0.000000,398.683797,0.000000,0.000000,1.993399,493039.000000,2.531646,V100 SXM2 CUDA 11.8,1.000000
Tesla V100-SXM2-32GB,1,0,circles_bruteforce,200,592704,84.000000,2.000000,1.000000,592704.000000,0.000000,479.865682,0.000000,0.000000,2.399307,592704.000000,2.380952,V100 SXM2 CUDA 11.8,1.000000
Tesla V100-SXM2-32GB,1,0,circles_bruteforce,200,704969,89.000000,2.000000,1.000000,704969.000000,0.000000,685.019938,0.000000,0.000000,3.425076,704969.000000,2.247191,V100 SXM2 CUDA 11.8,1.000000
Tesla V100-SXM2-32GB,1,0,circles_bruteforce,200,804357,93.000000,2.000000,1.000000,804357.000000,0.000000,911.405355,0.000000,0.000000,4.557001,804357.000000,2.150538,V100 SXM2 CUDA 11.8,1.000000
Tesla V100-SXM2-32GB,1,0,circles_bruteforce,200,912673,97.000000,2.000000,1.000000,912673.000000,0.000000,1181.832764,0.000000,0.000000,5.909137,912673.000000,2.061856,V100 SXM2 CUDA 11.8,1.000000
Tesla V100-SXM2-32GB,1,0,circles_bruteforce,200,1000000,100.000000,2.000000,1.000000,1000000.000000,0.000000,1456.715820,0.000000,0.000000,7.283552,1000000.000000,2.000000,V100 SXM2 CUDA 11.8,1.000000
Tesla V100-SXM2-32GB,1,0,circles_bruteforce_rtc,200,10648,22.000000,2.000000,1.000000,10648.000000,2.600667,0.579973,0.000000,0.000000,0.002887,10648.000000,9.090909,V100 SXM2 CUDA 11.8,1.000000
Tesla V100-SXM2-32GB,1,0,circles_bruteforce_rtc,200,19683,27.000000,2.000000,1.000000,19683.000000,0.018667,0.968444,0.000000,0.000000,0.004829,19683.000000,7.407407,V100 SXM2 CUDA 11.8,1.000000
Tesla V100-SXM2-32GB,1,0,circles_bruteforce_rtc,200,29791,31.000000,2.000000,1.000000,29791.000000,0.018333,1.426828,0.000000,0.000000,0.007121,29791.000000,6.451613,V100 SXM2 CUDA 11.8,1.000000
Tesla V100-SXM2-32GB,1,0,circles_bruteforce_rtc,200,39304,34.000000,2.000000,1.000000,39304.000000,0.018333,1.870707,0.000000,0.000000,0.009341,39304.000000,5.882353,V100 SXM2 CUDA 11.8,1.000000
Tesla V100-SXM2-32GB,1,0,circles_bruteforce_rtc,200,50653,37.000000,2.000000,1.000000,50653.000000,0.017333,2.400303,0.000000,0.000000,0.011989,50653.000000,5.405405,V100 SXM2 CUDA 11.8,1.000000
Tesla V100-SXM2-32GB,1,0,circles_bruteforce_rtc,200,59319,39.000000,2.000000,1.000000,59319.000000,0.018000,2.802070,0.000000,0.000000,0.013998,59319.000000,5.128205,V100 SXM2 CUDA 11.8,1.000000
Tesla V100-SXM2-32GB,1,0,circles_bruteforce_rtc,200,68921,41.000000,2.000000,1.000000,68921.000000,0.018667,5.176870,0.000000,0.000000,0.025871,68921.000000,4.878049,V100 SXM2 CUDA 11.8,1.000000
Tesla V100-SXM2-32GB,1,0,circles_bruteforce_rtc,200,79507,43.000000,2.000000,1.000000,79507.000000,0.019000,5.911462,0.000000,0.000000,0.029544,79507.000000,4.651163,V100 SXM2 CUDA 11.8,1.000000
Tesla V100-SXM2-32GB,1,0,circles_bruteforce_rtc,200,91125,45.000000,2.000000,1.000000,91125.000000,0.019000,6.773224,0.000000,0.000000,0.033853,91125.000000,4.444444,V100 SXM2 CUDA 11.8,1.000000
Tesla V100-SXM2-32GB,1,0,circles_bruteforce_rtc,200,97336,46.000000,2.000000,1.000000,97336.000000,0.019000,7.227204,0.000000,0.000000,0.036123,97336.000000,4.347826,V100 SXM2 CUDA 11.8,1.000000
Tesla V100-SXM2-32GB,1,0,circles_bruteforce_rtc,200,195112,58.000000,2.000000,1.000000,195112.000000,0.021000,29.095958,0.000000,0.000000,0.145465,195112.000000,3.448276,V100 SXM2 CUDA 11.8,1.000000
Tesla V100-SXM2-32GB,1,0,circles_bruteforce_rtc,200,300763,67.000000,2.000000,1.000000,300763.000000,0.021000,67.238767,0.000000,0.000000,0.336179,300763.000000,2.985075,V100 SXM2 CUDA 11.8,1.000000
Tesla V100-SXM2-32GB,1,0,circles_bruteforce_rtc,200,405224,74.000000,2.000000,1.000000,405224.000000,0.020667,120.476288,0.000000,0.000000,0.602365,405224.000000,2.702703,V100 SXM2 CUDA 11.8,1.000000
Tesla V100-SXM2-32GB,1,0,circles_bruteforce_rtc,200,493039,79.000000,2.000000,1.000000,493039.000000,0.021333,171.765299,0.000000,0.000000,0.858810,493039.000000,2.531646,V100 SXM2 CUDA 11.8,1.000000
Tesla V100-SXM2-32GB,1,0,circles_bruteforce_rtc,200,592704,84.000000,2.000000,1.000000,592704.000000,0.021000,220.647339,0.000000,0.000000,1.103217,592704.000000,2.380952,V100 SXM2 CUDA 11.8,1.000000
Tesla V100-SXM2-32GB,1,0,circles_bruteforce_rtc,200,704969,89.000000,2.000000,1.000000,704969.000000,0.023000,315.014801,0.000000,0.000000,1.575053,704969.000000,2.247191,V100 SXM2 CUDA 11.8,1.000000
Tesla V100-SXM2-32GB,1,0,circles_bruteforce_rtc,200,804357,93.000000,2.000000,1.000000,804357.000000,0.023000,419.345388,0.000000,0.000000,2.096699,804357.000000,2.150538,V100 SXM2 CUDA 11.8,1.000000
Tesla V100-SXM2-32GB,1,0,circles_bruteforce_rtc,200,912673,97.000000,2.000000,1.000000,912673.000000,0.022667,543.349447,0.000000,0.000000,2.716724,912673.000000,2.061856,V100 SXM2 CUDA 11.8,1.000000
Tesla V100-SXM2-32GB,1,0,circles_bruteforce_rtc,200,1000000,100.000000,2.000000,1.000000,1000000.000000,0.043333,668.744995,0.000000,0.000000,3.343700,1000000.000000,2.000000,V100 SXM2 CUDA 11.8,1.000000
Tesla V100-SXM2-32GB,1,0,circles_spatial3D,200,10648,22.000000,2.000000,1.000000,181.066284,0.000000,0.080264,0.000000,0.000000,0.000388,10648.000000,9.090909,V100 SXM2 CUDA 11.8,1.000000
Tesla V100-SXM2-32GB,1,0,circles_spatial3D,200,19683,27.000000,2.000000,1.000000,168.547841,0.000000,0.077859,0.000000,0.000000,0.000376,19683.000000,7.407407,V100 SXM2 CUDA 11.8,1.000000
Tesla V100-SXM2-32GB,1,0,circles_spatial3D,200,29791,31.000000,2.000000,1.000000,173.234202,0.000000,0.083155,0.000000,0.000000,0.000403,29791.000000,6.451613,V100 SXM2 CUDA 11.8,1.000000
Tesla V100-SXM2-32GB,1,0,circles_spatial3D,200,39304,34.000000,2.000000,1.000000,190.968165,0.000000,0.088885,0.000000,0.000000,0.000432,39304.000000,5.882353,V100 SXM2 CUDA 11.8,1.000000
Tesla V100-SXM2-32GB,1,0,circles_spatial3D,200,50653,37.000000,2.000000,1.000000,178.532237,0.000000,0.100087,0.000000,0.000000,0.000488,50653.000000,5.405405,V100 SXM2 CUDA 11.8,1.000000
Tesla V100-SXM2-32GB,1,0,circles_spatial3D,200,59319,39.000000,2.000000,1.000000,180.321101,0.000000,0.106525,0.000000,0.000000,0.000520,59319.000000,5.128205,V100 SXM2 CUDA 11.8,1.000000
Tesla V100-SXM2-32GB,1,0,circles_spatial3D,200,68921,41.000000,2.000000,1.000000,181.674169,0.000000,0.112554,0.000000,0.000000,0.000550,68921.000000,4.878049,V100 SXM2 CUDA 11.8,1.000000
Tesla V100-SXM2-32GB,1,0,circles_spatial3D,200,79507,43.000000,2.000000,1.000000,182.616592,0.000000,0.114263,0.000000,0.000000,0.000558,79507.000000,4.651163,V100 SXM2 CUDA 11.8,1.000000
Tesla V100-SXM2-32GB,1,0,circles_spatial3D,200,91125,45.000000,2.000000,1.000000,184.291753,0.000000,0.113798,0.000000,0.000000,0.000557,91125.000000,4.444444,V100 SXM2 CUDA 11.8,1.000000
Tesla V100-SXM2-32GB,1,0,circles_spatial3D,200,97336,46.000000,2.000000,1.000000,196.207535,0.000000,0.157793,0.000000,0.000000,0.000776,97336.000000,4.347826,V100 SXM2 CUDA 11.8,1.000000
Tesla V100-SXM2-32GB,1,0,circles_spatial3D,200,195112,58.000000,2.000000,1.000000,198.959493,0.000000,0.251132,0.000000,0.000000,0.001242,195112.000000,3.448276,V100 SXM2 CUDA 11.8,1.000000
Tesla V100-SXM2-32GB,1,0,circles_spatial3D,200,300763,67.000000,2.000000,1.000000,192.584854,0.000000,0.323636,0.000000,0.000000,0.001605,300763.000000,2.985075,V100 SXM2 CUDA 11.8,1.000000
Tesla V100-SXM2-32GB,1,0,circles_spatial3D,200,405224,74.000000,2.000000,1.000000,202.003108,0.000000,0.425382,0.000000,0.000000,0.002114,405224.000000,2.702703,V100 SXM2 CUDA 11.8,1.000000
Tesla V100-SXM2-32GB,1,0,circles_spatial3D,200,493039,79.000000,2.000000,1.000000,195.315435,0.000000,0.505479,0.000000,0.000000,0.002515,493039.000000,2.531646,V100 SXM2 CUDA 11.8,1.000000
Tesla V100-SXM2-32GB,1,0,circles_spatial3D,200,592704,84.000000,2.000000,1.000000,203.049311,0.000000,0.601773,0.000000,0.000000,0.002996,592704.000000,2.380952,V100 SXM2 CUDA 11.8,1.000000
Tesla V100-SXM2-32GB,1,0,circles_spatial3D,200,704969,89.000000,2.000000,1.000000,197.129272,0.000000,0.699302,0.000000,0.000000,0.003484,704969.000000,2.247191,V100 SXM2 CUDA 11.8,1.000000
Tesla V100-SXM2-32GB,1,0,circles_spatial3D,200,804357,93.000000,2.000000,1.000000,197.677032,0.000000,0.740919,0.000000,0.000000,0.003692,804357.000000,2.150538,V100 SXM2 CUDA 11.8,1.000000
Tesla V100-SXM2-32GB,1,0,circles_spatial3D,200,912673,97.000000,2.000000,1.000000,198.333059,0.000000,0.840255,0.000000,0.000000,0.004188,912673.000000,2.061856,V100 SXM2 CUDA 11.8,1.000000
Tesla V100-SXM2-32GB,1,0,circles_spatial3D,200,1000000,100.000000,2.000000,1.000000,204.504023,0.000000,0.943596,0.000000,0.000000,0.004705,1000000.000000,2.000000,V100 SXM2 CUDA 11.8,1.000000
Tesla V100-SXM2-32GB,1,0,circles_spatial3D_rtc,200,10648,22.000000,2.000000,1.000000,181.066279,2.440000,0.060170,0.000000,0.000000,0.000287,10648.000000,9.090909,V100 SXM2 CUDA 11.8,1.000000
Tesla V100-SXM2-32GB,1,0,circles_spatial3D_rtc,200,19683,27.000000,2.000000,1.000000,168.547826,0.018000,0.059088,0.000000,0.000000,0.000282,19683.000000,7.407407,V100 SXM2 CUDA 11.8,1.000000
Tesla V100-SXM2-32GB,1,0,circles_spatial3D_rtc,200,29791,31.000000,2.000000,1.000000,173.234217,0.018333,0.063833,0.000000,0.000000,0.000306,29791.000000,6.451613,V100 SXM2 CUDA 11.8,1.000000
Tesla V100-SXM2-32GB,1,0,circles_spatial3D_rtc,200,39304,34.000000,2.000000,1.000000,190.968140,0.017667,0.068581,0.000000,0.000000,0.000330,39304.000000,5.882353,V100 SXM2 CUDA 11.8,1.000000
Tesla V100-SXM2-32GB,1,0,circles_spatial3D_rtc,200,50653,37.000000,2.000000,1.000000,178.532273,0.018000,0.081340,0.000000,0.000000,0.000394,50653.000000,5.405405,V100 SXM2 CUDA 11.8,1.000000
Tesla V100-SXM2-32GB,1,0,circles_spatial3D_rtc,200,59319,39.000000,2.000000,1.000000,180.321111,0.018000,0.085295,0.000000,0.000000,0.000414,59319.000000,5.128205,V100 SXM2 CUDA 11.8,1.000000
Tesla V100-SXM2-32GB,1,0,circles_spatial3D_rtc,200,68921,41.000000,2.000000,1.000000,181.674144,0.017667,0.090477,0.000000,0.000000,0.000440,68921.000000,4.878049,V100 SXM2 CUDA 11.8,1.000000
Tesla V100-SXM2-32GB,1,0,circles_spatial3D_rtc,200,79507,43.000000,2.000000,1.000000,182.616592,0.017333,0.091691,0.000000,0.000000,0.000446,79507.000000,4.651163,V100 SXM2 CUDA 11.8,1.000000
Tesla V100-SXM2-32GB,1,0,circles_spatial3D_rtc,200,91125,45.000000,2.000000,1.000000,184.291768,0.018333,0.091905,0.000000,0.000000,0.000447,91125.000000,4.444444,V100 SXM2 CUDA 11.8,1.000000
Tesla V100-SXM2-32GB,1,0,circles_spatial3D_rtc,200,97336,46.000000,2.000000,1.000000,196.207550,0.018333,0.122972,0.000000,0.000000,0.000602,97336.000000,4.347826,V100 SXM2 CUDA 11.8,1.000000
Tesla V100-SXM2-32GB,1,0,circles_spatial3D_rtc,200,195112,58.000000,2.000000,1.000000,198.959493,0.018333,0.197061,0.000000,0.000000,0.000972,195112.000000,3.448276,V100 SXM2 CUDA 11.8,1.000000
Tesla V100-SXM2-32GB,1,0,circles_spatial3D_rtc,200,300763,67.000000,2.000000,1.000000,192.584839,0.018667,0.255690,0.000000,0.000000,0.001265,300763.000000,2.985075,V100 SXM2 CUDA 11.8,1.000000
Tesla V100-SXM2-32GB,1,0,circles_spatial3D_rtc,200,405224,74.000000,2.000000,1.000000,202.003108,0.018000,0.336243,0.000000,0.000000,0.001668,405224.000000,2.702703,V100 SXM2 CUDA 11.8,1.000000
Tesla V100-SXM2-32GB,1,0,circles_spatial3D_rtc,200,493039,79.000000,2.000000,1.000000,195.315414,0.017667,0.399574,0.000000,0.000000,0.001985,493039.000000,2.531646,V100 SXM2 CUDA 11.8,1.000000
Tesla V100-SXM2-32GB,1,0,circles_spatial3D_rtc,200,592704,84.000000,2.000000,1.000000,203.049301,0.020000,0.478656,0.000000,0.000000,0.002381,592704.000000,2.380952,V100 SXM2 CUDA 11.8,1.000000
Tesla V100-SXM2-32GB,1,0,circles_spatial3D_rtc,200,704969,89.000000,2.000000,1.000000,197.129283,0.018333,0.558387,0.000000,0.000000,0.002779,704969.000000,2.247191,V100 SXM2 CUDA 11.8,1.000000
Tesla V100-SXM2-32GB,1,0,circles_spatial3D_rtc,200,804357,93.000000,2.000000,1.000000,197.677042,0.018333,0.585063,0.000000,0.000000,0.002912,804357.000000,2.150538,V100 SXM2 CUDA 11.8,1.000000
Tesla V100-SXM2-32GB,1,0,circles_spatial3D_rtc,200,912673,97.000000,2.000000,1.000000,198.333059,0.018000,0.662798,0.000000,0.000000,0.003301,912673.000000,2.061856,V100 SXM2 CUDA 11.8,1.000000
Tesla V100-SXM2-32GB,1,0,circles_spatial3D_rtc,200,1000000,100.000000,2.000000,1.000000,204.504018,0.020000,0.746652,0.000000,0.000000,0.003720,1000000.000000,2.000000,V100 SXM2 CUDA 11.8,1.000000
NVIDIA A100-SXM4-80GB,1,1,circles_bruteforce,200,10648,22.000000,2.000000,1.000000,10648.000000,0.000000,1.319749,0.000000,0.000000,0.006583,10648.000000,9.090909,A100 SXM4 CUDA 11.8,0.968097
NVIDIA A100-SXM4-80GB,1,1,circles_bruteforce,200,19683,27.000000,2.000000,1.000000,19683.000000,0.000000,2.356732,0.000000,0.000000,0.011768,19683.000000,7.407407,A100 SXM4 CUDA 11.8,0.955558
NVIDIA A100-SXM4-80GB,1,1,circles_bruteforce,200,29791,31.000000,2.000000,1.000000,29791.000000,0.000000,3.534444,0.000000,0.000000,0.017657,29791.000000,6.451613,A100 SXM4 CUDA 11.8,0.954380
NVIDIA A100-SXM4-80GB,1,1,circles_bruteforce,200,39304,34.000000,2.000000,1.000000,39304.000000,0.000000,4.650127,0.000000,0.000000,0.023235,39304.000000,5.882353,A100 SXM4 CUDA 11.8,0.952264
NVIDIA A100-SXM4-80GB,1,1,circles_bruteforce,200,50653,37.000000,2.000000,1.000000,50653.000000,0.000000,5.980932,0.000000,0.000000,0.029889,50653.000000,5.405405,A100 SXM4 CUDA 11.8,0.950703
NVIDIA A100-SXM4-80GB,1,1,circles_bruteforce,200,59319,39.000000,2.000000,1.000000,59319.000000,0.000000,6.997691,0.000000,0.000000,0.034973,59319.000000,5.128205,A100 SXM4 CUDA 11.8,0.947342
NVIDIA A100-SXM4-80GB,1,1,circles_bruteforce,200,68921,41.000000,2.000000,1.000000,68921.000000,0.000000,8.124188,0.000000,0.000000,0.040605,68921.000000,4.878049,A100 SXM4 CUDA 11.8,1.400487
NVIDIA A100-SXM4-80GB,1,1,circles_bruteforce,200,79507,43.000000,2.000000,1.000000,79507.000000,0.000000,9.367025,0.000000,0.000000,0.046819,79507.000000,4.651163,A100 SXM4 CUDA 11.8,1.391412
NVIDIA A100-SXM4-80GB,1,1,circles_bruteforce,200,91125,45.000000,2.000000,1.000000,91125.000000,0.000000,16.175238,0.000000,0.000000,0.080859,91125.000000,4.444444,A100 SXM4 CUDA 11.8,0.921969
NVIDIA A100-SXM4-80GB,1,1,circles_bruteforce,200,97336,46.000000,2.000000,1.000000,97336.000000,0.000000,17.263850,0.000000,0.000000,0.086302,97336.000000,4.347826,A100 SXM4 CUDA 11.8,0.926698
NVIDIA A100-SXM4-80GB,1,1,circles_bruteforce,200,195112,58.000000,2.000000,1.000000,195112.000000,0.000000,52.299471,0.000000,0.000000,0.261479,195112.000000,3.448276,A100 SXM4 CUDA 11.8,1.212102
NVIDIA A100-SXM4-80GB,1,1,circles_bruteforce,200,300763,67.000000,2.000000,1.000000,300763.000000,0.000000,103.035471,0.000000,0.000000,0.515157,300763.000000,2.985075,A100 SXM4 CUDA 11.8,1.419691
NVIDIA A100-SXM4-80GB,1,1,circles_bruteforce,200,405224,74.000000,2.000000,1.000000,405224.000000,0.000000,173.004379,0.000000,0.000000,0.865000,405224.000000,2.702703,A100 SXM4 CUDA 11.8,1.518433
NVIDIA A100-SXM4-80GB,1,1,circles_bruteforce,200,493039,79.000000,2.000000,1.000000,493039.000000,0.000000,249.992116,0.000000,0.000000,1.249931,493039.000000,2.531646,A100 SXM4 CUDA 11.8,1.594785
NVIDIA A100-SXM4-80GB,1,1,circles_bruteforce,200,592704,84.000000,2.000000,1.000000,592704.000000,0.000000,395.891113,0.000000,0.000000,1.979416,592704.000000,2.380952,A100 SXM4 CUDA 11.8,1.212115
NVIDIA A100-SXM4-80GB,1,1,circles_bruteforce,200,704969,89.000000,2.000000,1.000000,704969.000000,0.000000,528.642029,0.000000,0.000000,2.643177,704969.000000,2.247191,A100 SXM4 CUDA 11.8,1.295811
NVIDIA A100-SXM4-80GB,1,1,circles_bruteforce,200,804357,93.000000,2.000000,1.000000,804357.000000,0.000000,668.127360,0.000000,0.000000,3.340604,804357.000000,2.150538,A100 SXM4 CUDA 11.8,1.364119
NVIDIA A100-SXM4-80GB,1,1,circles_bruteforce,200,912673,97.000000,2.000000,1.000000,912673.000000,0.000000,883.962097,0.000000,0.000000,4.419776,912673.000000,2.061856,A100 SXM4 CUDA 11.8,1.336972
NVIDIA A100-SXM4-80GB,1,1,circles_bruteforce,200,1000000,100.000000,2.000000,1.000000,1000000.000000,0.000000,1071.346924,0.000000,0.000000,5.356700,1000000.000000,2.000000,A100 SXM4 CUDA 11.8,1.359705
NVIDIA A100-SXM4-80GB,1,1,circles_bruteforce_rtc,200,10648,22.000000,2.000000,1.000000,10648.000000,1.719667,0.724372,0.000000,0.000000,0.003607,10648.000000,9.090909,A100 SXM4 CUDA 11.8,0.800656
NVIDIA A100-SXM4-80GB,1,1,circles_bruteforce_rtc,200,19683,27.000000,2.000000,1.000000,19683.000000,0.009667,1.221669,0.000000,0.000000,0.006093,19683.000000,7.407407,A100 SXM4 CUDA 11.8,0.792722
NVIDIA A100-SXM4-80GB,1,1,circles_bruteforce_rtc,200,29791,31.000000,2.000000,1.000000,29791.000000,0.009667,1.795371,0.000000,0.000000,0.008961,29791.000000,6.451613,A100 SXM4 CUDA 11.8,0.794726
NVIDIA A100-SXM4-80GB,1,1,circles_bruteforce_rtc,200,39304,34.000000,2.000000,1.000000,39304.000000,0.009667,2.341252,0.000000,0.000000,0.011691,39304.000000,5.882353,A100 SXM4 CUDA 11.8,0.799020
NVIDIA A100-SXM4-80GB,1,1,circles_bruteforce_rtc,200,50653,37.000000,2.000000,1.000000,50653.000000,0.010333,3.002915,0.000000,0.000000,0.014999,50653.000000,5.405405,A100 SXM4 CUDA 11.8,0.799324
NVIDIA A100-SXM4-80GB,1,1,circles_bruteforce_rtc,200,59319,39.000000,2.000000,1.000000,59319.000000,0.009667,3.509449,0.000000,0.000000,0.017531,59319.000000,5.128205,A100 SXM4 CUDA 11.8,0.798436
NVIDIA A100-SXM4-80GB,1,1,circles_bruteforce_rtc,200,68921,41.000000,2.000000,1.000000,68921.000000,0.009667,4.072528,0.000000,0.000000,0.020347,68921.000000,4.878049,A100 SXM4 CUDA 11.8,1.271169
NVIDIA A100-SXM4-80GB,1,1,circles_bruteforce_rtc,200,79507,43.000000,2.000000,1.000000,79507.000000,0.009333,4.692807,0.000000,0.000000,0.023448,79507.000000,4.651163,A100 SXM4 CUDA 11.8,1.259686
NVIDIA A100-SXM4-80GB,1,1,circles_bruteforce_rtc,200,91125,45.000000,2.000000,1.000000,91125.000000,0.009667,9.722765,0.000000,0.000000,0.048597,91125.000000,4.444444,A100 SXM4 CUDA 11.8,0.696636
NVIDIA A100-SXM4-80GB,1,1,circles_bruteforce_rtc,200,97336,46.000000,2.000000,1.000000,97336.000000,0.009667,10.399282,0.000000,0.000000,0.051980,97336.000000,4.347826,A100 SXM4 CUDA 11.8,0.694971
NVIDIA A100-SXM4-80GB,1,1,circles_bruteforce_rtc,200,195112,58.000000,2.000000,1.000000,195112.000000,0.010000,30.444528,0.000000,0.000000,0.152205,195112.000000,3.448276,A100 SXM4 CUDA 11.8,0.955704
NVIDIA A100-SXM4-80GB,1,1,circles_bruteforce_rtc,200,300763,67.000000,2.000000,1.000000,300763.000000,0.011667,61.925988,0.000000,0.000000,0.309611,300763.000000,2.985075,A100 SXM4 CUDA 11.8,1.085792
NVIDIA A100-SXM4-80GB,1,1,circles_bruteforce_rtc,200,405224,74.000000,2.000000,1.000000,405224.000000,0.011667,103.533089,0.000000,0.000000,0.517645,405224.000000,2.702703,A100 SXM4 CUDA 11.8,1.163650
NVIDIA A100-SXM4-80GB,1,1,circles_bruteforce_rtc,200,493039,79.000000,2.000000,1.000000,493039.000000,0.011333,150.170552,0.000000,0.000000,0.750831,493039.000000,2.531646,A100 SXM4 CUDA 11.8,1.143801
NVIDIA A100-SXM4-80GB,1,1,circles_bruteforce_rtc,200,592704,84.000000,2.000000,1.000000,592704.000000,0.012333,238.823965,0.000000,0.000000,1.194095,592704.000000,2.380952,A100 SXM4 CUDA 11.8,0.923891
NVIDIA A100-SXM4-80GB,1,1,circles_bruteforce_rtc,200,704969,89.000000,2.000000,1.000000,704969.000000,0.013667,321.166270,0.000000,0.000000,1.605804,704969.000000,2.247191,A100 SXM4 CUDA 11.8,0.980846
NVIDIA A100-SXM4-80GB,1,1,circles_bruteforce_rtc,200,804357,93.000000,2.000000,1.000000,804357.000000,0.014000,403.019592,0.000000,0.000000,2.015068,804357.000000,2.150538,A100 SXM4 CUDA 11.8,1.040509
NVIDIA A100-SXM4-80GB,1,1,circles_bruteforce_rtc,200,912673,97.000000,2.000000,1.000000,912673.000000,0.015000,532.876974,0.000000,0.000000,2.664352,912673.000000,2.061856,A100 SXM4 CUDA 11.8,1.019653
NVIDIA A100-SXM4-80GB,1,1,circles_bruteforce_rtc,200,1000000,100.000000,2.000000,1.000000,1000000.000000,0.014000,648.341268,0.000000,0.000000,3.241673,1000000.000000,2.000000,A100 SXM4 CUDA 11.8,1.031471
NVIDIA A100-SXM4-80GB,1,1,circles_spatial3D,200,10648,22.000000,2.000000,1.000000,181.066294,0.000000,0.080192,0.000000,0.000000,0.000386,10648.000000,9.090909,A100 SXM4 CUDA 11.8,1.000898
NVIDIA A100-SXM4-80GB,1,1,circles_spatial3D,200,19683,27.000000,2.000000,1.000000,168.547836,0.000000,0.078642,0.000000,0.000000,0.000378,19683.000000,7.407407,A100 SXM4 CUDA 11.8,0.990043
NVIDIA A100-SXM4-80GB,1,1,circles_spatial3D,200,29791,31.000000,2.000000,1.000000,173.234202,0.000000,0.081966,0.000000,0.000000,0.000395,29791.000000,6.451613,A100 SXM4 CUDA 11.8,1.014506
NVIDIA A100-SXM4-80GB,1,1,circles_spatial3D,200,39304,34.000000,2.000000,1.000000,190.968135,0.000000,0.088225,0.000000,0.000000,0.000426,39304.000000,5.882353,A100 SXM4 CUDA 11.8,1.007481
NVIDIA A100-SXM4-80GB,1,1,circles_spatial3D,200,50653,37.000000,2.000000,1.000000,178.532257,0.000000,0.088194,0.000000,0.000000,0.000425,50653.000000,5.405405,A100 SXM4 CUDA 11.8,1.134850
NVIDIA A100-SXM4-80GB,1,1,circles_spatial3D,200,59319,39.000000,2.000000,1.000000,180.321116,0.000000,0.087298,0.000000,0.000000,0.000421,59319.000000,5.128205,A100 SXM4 CUDA 11.8,1.220246
NVIDIA A100-SXM4-80GB,1,1,circles_spatial3D,200,68921,41.000000,2.000000,1.000000,181.674148,0.000000,0.101650,0.000000,0.000000,0.000493,68921.000000,4.878049,A100 SXM4 CUDA 11.8,1.107270
NVIDIA A100-SXM4-80GB,1,1,circles_spatial3D,200,79507,43.000000,2.000000,1.000000,182.616603,0.000000,0.106392,0.000000,0.000000,0.000517,79507.000000,4.651163,A100 SXM4 CUDA 11.8,1.073981
NVIDIA A100-SXM4-80GB,1,1,circles_spatial3D,200,91125,45.000000,2.000000,1.000000,184.291763,0.000000,0.105649,0.000000,0.000000,0.000513,91125.000000,4.444444,A100 SXM4 CUDA 11.8,1.077133
NVIDIA A100-SXM4-80GB,1,1,circles_spatial3D,200,97336,46.000000,2.000000,1.000000,196.207540,0.000000,0.109034,0.000000,0.000000,0.000530,97336.000000,4.347826,A100 SXM4 CUDA 11.8,1.447191
NVIDIA A100-SXM4-80GB,1,1,circles_spatial3D,200,195112,58.000000,2.000000,1.000000,198.959503,0.000000,0.184316,0.000000,0.000000,0.000906,195112.000000,3.448276,A100 SXM4 CUDA 11.8,1.362508
NVIDIA A100-SXM4-80GB,1,1,circles_spatial3D,200,300763,67.000000,2.000000,1.000000,192.584834,0.000000,0.232868,0.000000,0.000000,0.001148,300763.000000,2.985075,A100 SXM4 CUDA 11.8,1.389783
NVIDIA A100-SXM4-80GB,1,1,circles_spatial3D,200,405224,74.000000,2.000000,1.000000,202.003098,0.000000,0.315520,0.000000,0.000000,0.001561,405224.000000,2.702703,A100 SXM4 CUDA 11.8,1.348193
NVIDIA A100-SXM4-80GB,1,1,circles_spatial3D,200,493039,79.000000,2.000000,1.000000,195.315404,0.000000,0.355500,0.000000,0.000000,0.001761,493039.000000,2.531646,A100 SXM4 CUDA 11.8,1.421882
NVIDIA A100-SXM4-80GB,1,1,circles_spatial3D,200,592704,84.000000,2.000000,1.000000,203.049301,0.000000,0.438008,0.000000,0.000000,0.002174,592704.000000,2.380952,A100 SXM4 CUDA 11.8,1.373886
NVIDIA A100-SXM4-80GB,1,1,circles_spatial3D,200,704969,89.000000,2.000000,1.000000,197.129272,0.000000,0.509145,0.000000,0.000000,0.002530,704969.000000,2.247191,A100 SXM4 CUDA 11.8,1.373483
NVIDIA A100-SXM4-80GB,1,1,circles_spatial3D,200,804357,93.000000,2.000000,1.000000,197.677042,0.000000,0.540429,0.000000,0.000000,0.002686,804357.000000,2.150538,A100 SXM4 CUDA 11.8,1.370983
NVIDIA A100-SXM4-80GB,1,1,circles_spatial3D,200,912673,97.000000,2.000000,1.000000,198.333054,0.000000,0.620256,0.000000,0.000000,0.003085,912673.000000,2.061856,A100 SXM4 CUDA 11.8,1.354691
NVIDIA A100-SXM4-80GB,1,1,circles_spatial3D,200,1000000,100.000000,2.000000,1.000000,204.504013,0.000000,0.685040,0.000000,0.000000,0.003409,1000000.000000,2.000000,A100 SXM4 CUDA 11.8,1.377432
NVIDIA A100-SXM4-80GB,1,1,circles_spatial3D_rtc,200,10648,22.000000,2.000000,1.000000,181.066279,1.699667,0.066081,0.000000,0.000000,0.000314,10648.000000,9.090909,A100 SXM4 CUDA 11.8,0.910549
NVIDIA A100-SXM4-80GB,1,1,circles_spatial3D_rtc,200,19683,27.000000,2.000000,1.000000,168.547826,0.009333,0.060893,0.000000,0.000000,0.000289,19683.000000,7.407407,A100 SXM4 CUDA 11.8,0.970358
NVIDIA A100-SXM4-80GB,1,1,circles_spatial3D_rtc,200,29791,31.000000,2.000000,1.000000,173.234197,0.009333,0.063945,0.000000,0.000000,0.000305,29791.000000,6.451613,A100 SXM4 CUDA 11.8,0.998248
NVIDIA A100-SXM4-80GB,1,1,circles_spatial3D_rtc,200,39304,34.000000,2.000000,1.000000,190.968145,0.009333,0.069242,0.000000,0.000000,0.000331,39304.000000,5.882353,A100 SXM4 CUDA 11.8,0.990454
NVIDIA A100-SXM4-80GB,1,1,circles_spatial3D_rtc,200,50653,37.000000,2.000000,1.000000,178.532252,0.009333,0.069259,0.000000,0.000000,0.000331,50653.000000,5.405405,A100 SXM4 CUDA 11.8,1.174432
NVIDIA A100-SXM4-80GB,1,1,circles_spatial3D_rtc,200,59319,39.000000,2.000000,1.000000,180.321116,0.009333,0.069263,0.000000,0.000000,0.000331,59319.000000,5.128205,A100 SXM4 CUDA 11.8,1.231466
NVIDIA A100-SXM4-80GB,1,1,circles_spatial3D_rtc,200,68921,41.000000,2.000000,1.000000,181.674138,0.009333,0.083731,0.000000,0.000000,0.000403,68921.000000,4.878049,A100 SXM4 CUDA 11.8,1.080568
NVIDIA A100-SXM4-80GB,1,1,circles_spatial3D_rtc,200,79507,43.000000,2.000000,1.000000,182.616592,0.009333,0.088456,0.000000,0.000000,0.000427,79507.000000,4.651163,A100 SXM4 CUDA 11.8,1.036572
NVIDIA A100-SXM4-80GB,1,1,circles_spatial3D_rtc,200,91125,45.000000,2.000000,1.000000,184.291758,0.009333,0.087042,0.000000,0.000000,0.000420,91125.000000,4.444444,A100 SXM4 CUDA 11.8,1.055870
NVIDIA A100-SXM4-80GB,1,1,circles_spatial3D_rtc,200,97336,46.000000,2.000000,1.000000,196.207550,0.009333,0.089662,0.000000,0.000000,0.000433,97336.000000,4.347826,A100 SXM4 CUDA 11.8,1.371506
NVIDIA A100-SXM4-80GB,1,1,circles_spatial3D_rtc,200,195112,58.000000,2.000000,1.000000,198.959498,0.009333,0.148445,0.000000,0.000000,0.000726,195112.000000,3.448276,A100 SXM4 CUDA 11.8,1.327502
NVIDIA A100-SXM4-80GB,1,1,circles_spatial3D_rtc,200,300763,67.000000,2.000000,1.000000,192.584839,0.009667,0.182977,0.000000,0.000000,0.000899,300763.000000,2.985075,A100 SXM4 CUDA 11.8,1.397389
NVIDIA A100-SXM4-80GB,1,1,circles_spatial3D_rtc,200,405224,74.000000,2.000000,1.000000,202.003108,0.009667,0.250449,0.000000,0.000000,0.001237,405224.000000,2.702703,A100 SXM4 CUDA 11.8,1.342561
NVIDIA A100-SXM4-80GB,1,1,circles_spatial3D_rtc,200,493039,79.000000,2.000000,1.000000,195.315424,0.009667,0.284970,0.000000,0.000000,0.001409,493039.000000,2.531646,A100 SXM4 CUDA 11.8,1.402162
NVIDIA A100-SXM4-80GB,1,1,circles_spatial3D_rtc,200,592704,84.000000,2.000000,1.000000,203.049301,0.009667,0.349787,0.000000,0.000000,0.001733,592704.000000,2.380952,A100 SXM4 CUDA 11.8,1.368421
NVIDIA A100-SXM4-80GB,1,1,circles_spatial3D_rtc,200,704969,89.000000,2.000000,1.000000,197.129272,0.011000,0.408262,0.000000,0.000000,0.002025,704969.000000,2.247191,A100 SXM4 CUDA 11.8,1.367717
NVIDIA A100-SXM4-80GB,1,1,circles_spatial3D_rtc,200,804357,93.000000,2.000000,1.000000,197.677037,0.011333,0.427980,0.000000,0.000000,0.002124,804357.000000,2.150538,A100 SXM4 CUDA 11.8,1.367034
NVIDIA A100-SXM4-80GB,1,1,circles_spatial3D_rtc,200,912673,97.000000,2.000000,1.000000,198.333059,0.011333,0.492065,0.000000,0.000000,0.002444,912673.000000,2.061856,A100 SXM4 CUDA 11.8,1.346972
NVIDIA A100-SXM4-80GB,1,1,circles_spatial3D_rtc,200,1000000,100.000000,2.000000,1.000000,204.504018,0.012333,0.543609,0.000000,0.000000,0.002701,1000000.000000,2.000000,A100 SXM4 CUDA 11.8,1.373509
NVIDIA H100 PCIe,1,1,circles_bruteforce,200,10648,22.000000,2.000000,1.000000,10648.000000,0.000000,1.099018,0.000000,0.000000,0.005479,10648.000000,9.090909,H100 PCIe CUDA 11.8,1.162533
NVIDIA H100 PCIe,1,1,circles_bruteforce,200,19683,27.000000,2.000000,1.000000,19683.000000,0.000000,1.977487,0.000000,0.000000,0.009871,19683.000000,7.407407,H100 PCIe CUDA 11.8,1.138817
NVIDIA H100 PCIe,1,1,circles_bruteforce,200,29791,31.000000,2.000000,1.000000,29791.000000,0.000000,2.982700,0.000000,0.000000,0.014897,29791.000000,6.451613,H100 PCIe CUDA 11.8,1.130923
NVIDIA H100 PCIe,1,1,circles_bruteforce,200,39304,34.000000,2.000000,1.000000,39304.000000,0.000000,3.908139,0.000000,0.000000,0.019524,39304.000000,5.882353,H100 PCIe CUDA 11.8,1.133058
NVIDIA H100 PCIe,1,1,circles_bruteforce,200,50653,37.000000,2.000000,1.000000,50653.000000,0.000000,5.019330,0.000000,0.000000,0.025080,50653.000000,5.405405,H100 PCIe CUDA 11.8,1.132839
NVIDIA H100 PCIe,1,1,circles_bruteforce,200,59319,39.000000,2.000000,1.000000,59319.000000,0.000000,5.896035,0.000000,0.000000,0.029463,59319.000000,5.128205,H100 PCIe CUDA 11.8,1.124350
NVIDIA H100 PCIe,1,1,circles_bruteforce,200,68921,41.000000,2.000000,1.000000,68921.000000,0.000000,6.846893,0.000000,0.000000,0.034218,68921.000000,4.878049,H100 PCIe CUDA 11.8,1.661749
NVIDIA H100 PCIe,1,1,circles_bruteforce,200,79507,43.000000,2.000000,1.000000,79507.000000,0.000000,7.900092,0.000000,0.000000,0.039484,79507.000000,4.651163,H100 PCIe CUDA 11.8,1.649777
NVIDIA H100 PCIe,1,1,circles_bruteforce,200,91125,45.000000,2.000000,1.000000,91125.000000,0.000000,13.282897,0.000000,0.000000,0.066397,91125.000000,4.444444,H100 PCIe CUDA 11.8,1.122727
NVIDIA H100 PCIe,1,1,circles_bruteforce,200,97336,46.000000,2.000000,1.000000,97336.000000,0.000000,14.230616,0.000000,0.000000,0.071136,97336.000000,4.347826,H100 PCIe CUDA 11.8,1.124222
NVIDIA H100 PCIe,1,1,circles_bruteforce,200,195112,58.000000,2.000000,1.000000,195112.000000,0.000000,43.558641,0.000000,0.000000,0.217774,195112.000000,3.448276,H100 PCIe CUDA 11.8,1.455332
NVIDIA H100 PCIe,1,1,circles_bruteforce,200,300763,67.000000,2.000000,1.000000,300763.000000,0.000000,90.493032,0.000000,0.000000,0.452445,300763.000000,2.985075,H100 PCIe CUDA 11.8,1.616462
NVIDIA H100 PCIe,1,1,circles_bruteforce,200,405224,74.000000,2.000000,1.000000,405224.000000,0.000000,159.687398,0.000000,0.000000,0.798416,405224.000000,2.702703,H100 PCIe CUDA 11.8,1.645062
NVIDIA H100 PCIe,1,1,circles_bruteforce,200,493039,79.000000,2.000000,1.000000,493039.000000,0.000000,233.249481,0.000000,0.000000,1.166224,493039.000000,2.531646,H100 PCIe CUDA 11.8,1.709259
NVIDIA H100 PCIe,1,1,circles_bruteforce,200,592704,84.000000,2.000000,1.000000,592704.000000,0.000000,331.653076,0.000000,0.000000,1.658240,592704.000000,2.380952,H100 PCIe CUDA 11.8,1.446890
NVIDIA H100 PCIe,1,1,circles_bruteforce,200,704969,89.000000,2.000000,1.000000,704969.000000,0.000000,488.764201,0.000000,0.000000,2.443792,704969.000000,2.247191,H100 PCIe CUDA 11.8,1.401535
NVIDIA H100 PCIe,1,1,circles_bruteforce,200,804357,93.000000,2.000000,1.000000,804357.000000,0.000000,624.943054,0.000000,0.000000,3.124685,804357.000000,2.150538,H100 PCIe CUDA 11.8,1.458381
NVIDIA H100 PCIe,1,1,circles_bruteforce,200,912673,97.000000,2.000000,1.000000,912673.000000,0.000000,789.655578,0.000000,0.000000,3.948248,912673.000000,2.061856,H100 PCIe CUDA 11.8,1.496643
NVIDIA H100 PCIe,1,1,circles_bruteforce,200,1000000,100.000000,2.000000,1.000000,1000000.000000,0.000000,944.220662,0.000000,0.000000,4.721072,1000000.000000,2.000000,H100 PCIe CUDA 11.8,1.542771
NVIDIA H100 PCIe,1,1,circles_bruteforce_rtc,200,10648,22.000000,2.000000,1.000000,10648.000000,1.752000,0.550749,0.000000,0.000000,0.002737,10648.000000,9.090909,H100 PCIe CUDA 11.8,1.053062
NVIDIA H100 PCIe,1,1,circles_bruteforce_rtc,200,19683,27.000000,2.000000,1.000000,19683.000000,0.009667,0.979593,0.000000,0.000000,0.004882,19683.000000,7.407407,H100 PCIe CUDA 11.8,0.988619
NVIDIA H100 PCIe,1,1,circles_bruteforce_rtc,200,29791,31.000000,2.000000,1.000000,29791.000000,0.009667,1.475426,0.000000,0.000000,0.007361,29791.000000,6.451613,H100 PCIe CUDA 11.8,0.967062
NVIDIA H100 PCIe,1,1,circles_bruteforce_rtc,200,39304,34.000000,2.000000,1.000000,39304.000000,0.009333,1.933572,0.000000,0.000000,0.009652,39304.000000,5.882353,H100 PCIe CUDA 11.8,0.967488
NVIDIA H100 PCIe,1,1,circles_bruteforce_rtc,200,50653,37.000000,2.000000,1.000000,50653.000000,0.009667,2.492498,0.000000,0.000000,0.012446,50653.000000,5.405405,H100 PCIe CUDA 11.8,0.963011
NVIDIA H100 PCIe,1,1,circles_bruteforce_rtc,200,59319,39.000000,2.000000,1.000000,59319.000000,0.009667,2.918711,0.000000,0.000000,0.014576,59319.000000,5.128205,H100 PCIe CUDA 11.8,0.960037
NVIDIA H100 PCIe,1,1,circles_bruteforce_rtc,200,68921,41.000000,2.000000,1.000000,68921.000000,0.010000,3.388530,0.000000,0.000000,0.016926,68921.000000,4.878049,H100 PCIe CUDA 11.8,1.527763
NVIDIA H100 PCIe,1,1,circles_bruteforce_rtc,200,79507,43.000000,2.000000,1.000000,79507.000000,0.009667,3.906719,0.000000,0.000000,0.019517,79507.000000,4.651163,H100 PCIe CUDA 11.8,1.513153
NVIDIA H100 PCIe,1,1,circles_bruteforce_rtc,200,91125,45.000000,2.000000,1.000000,91125.000000,0.010667,6.786386,0.000000,0.000000,0.033915,91125.000000,4.444444,H100 PCIe CUDA 11.8,0.998061
NVIDIA H100 PCIe,1,1,circles_bruteforce_rtc,200,97336,46.000000,2.000000,1.000000,97336.000000,0.010667,7.275087,0.000000,0.000000,0.036358,97336.000000,4.347826,H100 PCIe CUDA 11.8,0.993418
NVIDIA H100 PCIe,1,1,circles_bruteforce_rtc,200,195112,58.000000,2.000000,1.000000,195112.000000,0.009667,22.201263,0.000000,0.000000,0.110989,195112.000000,3.448276,H100 PCIe CUDA 11.8,1.310554
NVIDIA H100 PCIe,1,1,circles_bruteforce_rtc,200,300763,67.000000,2.000000,1.000000,300763.000000,0.009667,47.509915,0.000000,0.000000,0.237530,300763.000000,2.985075,H100 PCIe CUDA 11.8,1.415258
NVIDIA H100 PCIe,1,1,circles_bruteforce_rtc,200,405224,74.000000,2.000000,1.000000,405224.000000,0.013000,82.029411,0.000000,0.000000,0.410128,405224.000000,2.702703,H100 PCIe CUDA 11.8,1.468696
NVIDIA H100 PCIe,1,1,circles_bruteforce_rtc,200,493039,79.000000,2.000000,1.000000,493039.000000,0.012000,119.566498,0.000000,0.000000,0.597812,493039.000000,2.531646,H100 PCIe CUDA 11.8,1.436567
NVIDIA H100 PCIe,1,1,circles_bruteforce_rtc,200,592704,84.000000,2.000000,1.000000,592704.000000,0.012667,168.990997,0.000000,0.000000,0.844934,592704.000000,2.380952,H100 PCIe CUDA 11.8,1.305675
NVIDIA H100 PCIe,1,1,circles_bruteforce_rtc,200,704969,89.000000,2.000000,1.000000,704969.000000,0.013000,248.696787,0.000000,0.000000,1.243460,704969.000000,2.247191,H100 PCIe CUDA 11.8,1.266662
NVIDIA H100 PCIe,1,1,circles_bruteforce_rtc,200,804357,93.000000,2.000000,1.000000,804357.000000,0.015000,318.872752,0.000000,0.000000,1.594339,804357.000000,2.150538,H100 PCIe CUDA 11.8,1.315087
NVIDIA H100 PCIe,1,1,circles_bruteforce_rtc,200,912673,97.000000,2.000000,1.000000,912673.000000,0.015000,402.552521,0.000000,0.000000,2.012736,912673.000000,2.061856,H100 PCIe CUDA 11.8,1.349760
NVIDIA H100 PCIe,1,1,circles_bruteforce_rtc,200,1000000,100.000000,2.000000,1.000000,1000000.000000,0.015667,481.789286,0.000000,0.000000,2.408918,1000000.000000,2.000000,H100 PCIe CUDA 11.8,1.388045
NVIDIA H100 PCIe,1,1,circles_spatial3D,200,10648,22.000000,2.000000,1.000000,181.066284,0.000000,0.069864,0.000000,0.000000,0.000333,10648.000000,9.090909,H100 PCIe CUDA 11.8,1.148861
NVIDIA H100 PCIe,1,1,circles_spatial3D,200,19683,27.000000,2.000000,1.000000,168.547846,0.000000,0.067969,0.000000,0.000000,0.000324,19683.000000,7.407407,H100 PCIe CUDA 11.8,1.145508
NVIDIA H100 PCIe,1,1,circles_spatial3D,200,29791,31.000000,2.000000,1.000000,173.234197,0.000000,0.070229,0.000000,0.000000,0.000335,29791.000000,6.451613,H100 PCIe CUDA 11.8,1.184055
NVIDIA H100 PCIe,1,1,circles_spatial3D,200,39304,34.000000,2.000000,1.000000,190.968145,0.000000,0.075411,0.000000,0.000000,0.000361,39304.000000,5.882353,H100 PCIe CUDA 11.8,1.178674
NVIDIA H100 PCIe,1,1,circles_spatial3D,200,50653,37.000000,2.000000,1.000000,178.532267,0.000000,0.075461,0.000000,0.000000,0.000361,50653.000000,5.405405,H100 PCIe CUDA 11.8,1.326341
NVIDIA H100 PCIe,1,1,circles_spatial3D,200,59319,39.000000,2.000000,1.000000,180.321121,0.000000,0.075439,0.000000,0.000000,0.000361,59319.000000,5.128205,H100 PCIe CUDA 11.8,1.412068
NVIDIA H100 PCIe,1,1,circles_spatial3D,200,68921,41.000000,2.000000,1.000000,181.674149,0.000000,0.081007,0.000000,0.000000,0.000389,68921.000000,4.878049,H100 PCIe CUDA 11.8,1.389435
NVIDIA H100 PCIe,1,1,circles_spatial3D,200,79507,43.000000,2.000000,1.000000,182.616582,0.000000,0.088752,0.000000,0.000000,0.000428,79507.000000,4.651163,H100 PCIe CUDA 11.8,1.287441
NVIDIA H100 PCIe,1,1,circles_spatial3D,200,91125,45.000000,2.000000,1.000000,184.291763,0.000000,0.088279,0.000000,0.000000,0.000425,91125.000000,4.444444,H100 PCIe CUDA 11.8,1.289072
NVIDIA H100 PCIe,1,1,circles_spatial3D,200,97336,46.000000,2.000000,1.000000,196.207519,0.000000,0.091799,0.000000,0.000000,0.000443,97336.000000,4.347826,H100 PCIe CUDA 11.8,1.718897
NVIDIA H100 PCIe,1,1,circles_spatial3D,200,195112,58.000000,2.000000,1.000000,198.959493,0.000000,0.142248,0.000000,0.000000,0.000694,195112.000000,3.448276,H100 PCIe CUDA 11.8,1.765452
NVIDIA H100 PCIe,1,1,circles_spatial3D,200,300763,67.000000,2.000000,1.000000,192.584839,0.000000,0.189648,0.000000,0.000000,0.000931,300763.000000,2.985075,H100 PCIe CUDA 11.8,1.706509
NVIDIA H100 PCIe,1,1,circles_spatial3D,200,405224,74.000000,2.000000,1.000000,202.003113,0.000000,0.253869,0.000000,0.000000,0.001252,405224.000000,2.702703,H100 PCIe CUDA 11.8,1.675596
NVIDIA H100 PCIe,1,1,circles_spatial3D,200,493039,79.000000,2.000000,1.000000,195.315430,0.000000,0.291278,0.000000,0.000000,0.001439,493039.000000,2.531646,H100 PCIe CUDA 11.8,1.735383
NVIDIA H100 PCIe,1,1,circles_spatial3D,200,592704,84.000000,2.000000,1.000000,203.049306,0.000000,0.358133,0.000000,0.000000,0.001774,592704.000000,2.380952,H100 PCIe CUDA 11.8,1.680306
NVIDIA H100 PCIe,1,1,circles_spatial3D,200,704969,89.000000,2.000000,1.000000,197.129277,0.000000,0.396300,0.000000,0.000000,0.001964,704969.000000,2.247191,H100 PCIe CUDA 11.8,1.764577
NVIDIA H100 PCIe,1,1,circles_spatial3D,200,804357,93.000000,2.000000,1.000000,197.677037,0.000000,0.433822,0.000000,0.000000,0.002152,804357.000000,2.150538,H100 PCIe CUDA 11.8,1.707887
NVIDIA H100 PCIe,1,1,circles_spatial3D,200,912673,97.000000,2.000000,1.000000,198.333059,0.000000,0.490419,0.000000,0.000000,0.002434,912673.000000,2.061856,H100 PCIe CUDA 11.8,1.713341
NVIDIA H100 PCIe,1,1,circles_spatial3D,200,1000000,100.000000,2.000000,1.000000,204.504018,0.000000,0.550584,0.000000,0.000000,0.002736,1000000.000000,2.000000,H100 PCIe CUDA 11.8,1.713809
NVIDIA H100 PCIe,1,1,circles_spatial3D_rtc,200,10648,22.000000,2.000000,1.000000,181.066284,1.718000,0.055098,0.000000,0.000000,0.000259,10648.000000,9.090909,H100 PCIe CUDA 11.8,1.092054
NVIDIA H100 PCIe,1,1,circles_spatial3D_rtc,200,19683,27.000000,2.000000,1.000000,168.547821,0.009333,0.053785,0.000000,0.000000,0.000253,19683.000000,7.407407,H100 PCIe CUDA 11.8,1.098596
NVIDIA H100 PCIe,1,1,circles_spatial3D_rtc,200,29791,31.000000,2.000000,1.000000,173.234182,0.009333,0.055421,0.000000,0.000000,0.000261,29791.000000,6.451613,H100 PCIe CUDA 11.8,1.151784
NVIDIA H100 PCIe,1,1,circles_spatial3D_rtc,200,39304,34.000000,2.000000,1.000000,190.968140,0.009333,0.060011,0.000000,0.000000,0.000284,39304.000000,5.882353,H100 PCIe CUDA 11.8,1.142807
NVIDIA H100 PCIe,1,1,circles_spatial3D_rtc,200,50653,37.000000,2.000000,1.000000,178.532257,0.009333,0.060648,0.000000,0.000000,0.000287,50653.000000,5.405405,H100 PCIe CUDA 11.8,1.341182
NVIDIA H100 PCIe,1,1,circles_spatial3D_rtc,200,59319,39.000000,2.000000,1.000000,180.321111,0.009333,0.060399,0.000000,0.000000,0.000286,59319.000000,5.128205,H100 PCIe CUDA 11.8,1.412192
NVIDIA H100 PCIe,1,1,circles_spatial3D_rtc,200,68921,41.000000,2.000000,1.000000,181.674138,0.009333,0.066638,0.000000,0.000000,0.000316,68921.000000,4.878049,H100 PCIe CUDA 11.8,1.357739
NVIDIA H100 PCIe,1,1,circles_spatial3D_rtc,200,79507,43.000000,2.000000,1.000000,182.616608,0.009333,0.073836,0.000000,0.000000,0.000353,79507.000000,4.651163,H100 PCIe CUDA 11.8,1.241820
NVIDIA H100 PCIe,1,1,circles_spatial3D_rtc,200,91125,45.000000,2.000000,1.000000,184.291763,0.009667,0.072318,0.000000,0.000000,0.000345,91125.000000,4.444444,H100 PCIe CUDA 11.8,1.270845
NVIDIA H100 PCIe,1,1,circles_spatial3D_rtc,200,97336,46.000000,2.000000,1.000000,196.207545,0.009667,0.075127,0.000000,0.000000,0.000359,97336.000000,4.347826,H100 PCIe CUDA 11.8,1.636855
NVIDIA H100 PCIe,1,1,circles_spatial3D_rtc,200,195112,58.000000,2.000000,1.000000,198.959503,0.009333,0.111504,0.000000,0.000000,0.000539,195112.000000,3.448276,H100 PCIe CUDA 11.8,1.767300
NVIDIA H100 PCIe,1,1,circles_spatial3D_rtc,200,300763,67.000000,2.000000,1.000000,192.584844,0.009333,0.148288,0.000000,0.000000,0.000724,300763.000000,2.985075,H100 PCIe CUDA 11.8,1.724280
NVIDIA H100 PCIe,1,1,circles_spatial3D_rtc,200,405224,74.000000,2.000000,1.000000,202.003113,0.010000,0.198385,0.000000,0.000000,0.000975,405224.000000,2.702703,H100 PCIe CUDA 11.8,1.694901
NVIDIA H100 PCIe,1,1,circles_spatial3D_rtc,200,493039,79.000000,2.000000,1.000000,195.315425,0.010667,0.228229,0.000000,0.000000,0.001124,493039.000000,2.531646,H100 PCIe CUDA 11.8,1.750759
NVIDIA H100 PCIe,1,1,circles_spatial3D_rtc,200,592704,84.000000,2.000000,1.000000,203.049296,0.009667,0.273669,0.000000,0.000000,0.001351,592704.000000,2.380952,H100 PCIe CUDA 11.8,1.749033
NVIDIA H100 PCIe,1,1,circles_spatial3D_rtc,200,704969,89.000000,2.000000,1.000000,197.129283,0.010333,0.317415,0.000000,0.000000,0.001570,704969.000000,2.247191,H100 PCIe CUDA 11.8,1.759170
NVIDIA H100 PCIe,1,1,circles_spatial3D_rtc,200,804357,93.000000,2.000000,1.000000,197.677037,0.010333,0.339620,0.000000,0.000000,0.001680,804357.000000,2.150538,H100 PCIe CUDA 11.8,1.722699
NVIDIA H100 PCIe,1,1,circles_spatial3D_rtc,200,912673,97.000000,2.000000,1.000000,198.333059,0.010000,0.380018,0.000000,0.000000,0.001883,912673.000000,2.061856,H100 PCIe CUDA 11.8,1.744123
NVIDIA H100 PCIe,1,1,circles_spatial3D_rtc,200,1000000,100.000000,2.000000,1.000000,204.504003,0.012333,0.427738,0.000000,0.000000,0.002122,1000000.000000,2.000000,H100 PCIe CUDA 11.8,1.745583
