GPU,release_mode,seatbelts_on,model,steps,agent_count,env_width,comm_radius,sort_period,repeat,agent_density,mean_message_count,s_rtc,s_simulation,s_init,s_exit,s_step_mean
NVIDIA H100 NVL,1,0,circles_spatial3D,200,10648,22.000000,2.000000,1,0,1.000000,181.420044,0.000000,0.070336,0.000000,0.000000,0.000334
NVIDIA H100 NVL,1,0,circles_spatial3D,200,10648,22.000000,2.000000,1,1,1.000000,179.426987,0.000000,0.072101,0.000000,0.000000,0.000342
NVIDIA H100 NVL,1,0,circles_spatial3D,200,10648,22.000000,2.000000,1,2,1.000000,182.351837,0.000000,0.071788,0.000000,0.000000,0.000340
NVIDIA H100 NVL,1,0,circles_spatial3D_rtc,200,10648,22.000000,2.000000,1,0,1.000000,181.420044,0.003000,0.056166,0.000000,0.000000,0.000263
NVIDIA H100 NVL,1,0,circles_spatial3D_rtc,200,10648,22.000000,2.000000,1,1,1.000000,179.427017,0.003000,0.057835,0.000000,0.000000,0.000271
NVIDIA H100 NVL,1,0,circles_spatial3D_rtc,200,10648,22.000000,2.000000,1,2,1.000000,182.351822,0.003000,0.056720,0.000000,0.000000,0.000266
NVIDIA H100 NVL,1,0,circles_spatial3D,200,21296,22.000000,2.000000,1,0,2.000000,361.698212,0.000000,0.109528,0.000000,0.000000,0.000529
NVIDIA H100 NVL,1,0,circles_spatial3D,200,21296,22.000000,2.000000,1,1,2.000000,362.086792,0.000000,0.106878,0.000000,0.000000,0.000516
NVIDIA H100 NVL,1,0,circles_spatial3D,200,21296,22.000000,2.000000,1,2,2.000000,361.013763,0.000000,0.109212,0.000000,0.000000,0.000528
NVIDIA H100 NVL,1,0,circles_spatial3D_rtc,200,21296,22.000000,2.000000,1,0,2.000000,361.698212,0.003000,0.082077,0.000000,0.000000,0.000392
NVIDIA H100 NVL,1,0,circles_spatial3D_rtc,200,21296,22.000000,2.000000,1,1,2.000000,362.086731,0.003000,0.080567,0.000000,0.000000,0.000385
NVIDIA H100 NVL,1,0,circles_spatial3D_rtc,200,21296,22.000000,2.000000,1,2,2.000000,361.013763,0.003000,0.081678,0.000000,0.000000,0.000390
NVIDIA H100 NVL,1,0,circles_spatial3D,200,31944,22.000000,2.000000,1,0,3.000000,542.464050,0.000000,0.152065,0.000000,0.000000,0.000716
NVIDIA H100 NVL,1,0,circles_spatial3D,200,31944,22.000000,2.000000,1,1,3.000000,544.454407,0.000000,0.145207,0.000000,0.000000,0.000708
NVIDIA H100 NVL,1,0,circles_spatial3D,200,31944,22.000000,2.000000,1,2,3.000000,543.948425,0.000000,0.145588,0.000000,0.000000,0.000710
NVIDIA H100 NVL,1,0,circles_spatial3D_rtc,200,31944,22.000000,2.000000,1,0,3.000000,542.464050,0.003000,0.107425,0.000000,0.000000,0.000519
NVIDIA H100 NVL,1,0,circles_spatial3D_rtc,200,31944,22.000000,2.000000,1,1,3.000000,544.454590,0.003000,0.106296,0.000000,0.000000,0.000513
NVIDIA H100 NVL,1,0,circles_spatial3D_rtc,200,31944,22.000000,2.000000,1,2,3.000000,543.948242,0.002000,0.106389,0.000000,0.000000,0.000514
NVIDIA H100 NVL,1,0,circles_spatial3D,200,42592,22.000000,2.000000,1,0,4.000000,722.164001,0.000000,0.180455,0.000000,0.000000,0.000884
NVIDIA H100 NVL,1,0,circles_spatial3D,200,42592,22.000000,2.000000,1,1,4.000000,728.250732,0.000000,0.185583,0.000000,0.000000,0.000893
NVIDIA H100 NVL,1,0,circles_spatial3D,200,42592,22.000000,2.000000,1,2,4.000000,725.077820,0.000000,0.181559,0.000000,0.000000,0.000889
NVIDIA H100 NVL,1,0,circles_spatial3D_rtc,200,42592,22.000000,2.000000,1,0,4.000000,722.163879,0.003000,0.130131,0.000000,0.000000,0.000632
NVIDIA H100 NVL,1,0,circles_spatial3D_rtc,200,42592,22.000000,2.000000,1,1,4.000000,728.250793,0.004000,0.131073,0.000000,0.000000,0.000637
NVIDIA H100 NVL,1,0,circles_spatial3D_rtc,200,42592,22.000000,2.000000,1,2,4.000000,725.077881,0.004000,0.130583,0.000000,0.000000,0.000635
NVIDIA H100 NVL,1,0,circles_spatial3D,200,19683,27.000000,2.000000,1,0,1.000000,186.892075,0.000000,0.077264,0.000000,0.000000,0.000368
NVIDIA H100 NVL,1,0,circles_spatial3D,200,19683,27.000000,2.000000,1,1,1.000000,189.120590,0.000000,0.077055,0.000000,0.000000,0.000367
NVIDIA H100 NVL,1,0,circles_spatial3D,200,19683,27.000000,2.000000,1,2,1.000000,186.042068,0.000000,0.079660,0.000000,0.000000,0.000370
NVIDIA H100 NVL,1,0,circles_spatial3D_rtc,200,19683,27.000000,2.000000,1,0,1.000000,186.892166,0.004000,0.061728,0.000000,0.000000,0.000288
NVIDIA H100 NVL,1,0,circles_spatial3D_rtc,200,19683,27.000000,2.000000,1,1,1.000000,189.120529,0.004000,0.061278,0.000000,0.000000,0.000288
NVIDIA H100 NVL,1,0,circles_spatial3D_rtc,200,19683,27.000000,2.000000,1,2,1.000000,186.042007,0.003000,0.061842,0.000000,0.000000,0.000291
NVIDIA H100 NVL,1,0,circles_spatial3D,200,39366,27.000000,2.000000,1,0,2.000000,375.302551,0.000000,0.117160,0.000000,0.000000,0.000568
NVIDIA H100 NVL,1,0,circles_spatial3D,200,39366,27.000000,2.000000,1,1,2.000000,378.937622,0.000000,0.120875,0.000000,0.000000,0.000586
NVIDIA H100 NVL,1,0,circles_spatial3D,200,39366,27.000000,2.000000,1,2,2.000000,376.673096,0.000000,0.121255,0.000000,0.000000,0.000588
NVIDIA H100 NVL,1,0,circles_spatial3D_rtc,200,39366,27.000000,2.000000,1,0,2.000000,375.302551,0.004000,0.088481,0.000000,0.000000,0.000424
NVIDIA H100 NVL,1,0,circles_spatial3D_rtc,200,39366,27.000000,2.000000,1,1,2.000000,378.937683,0.004000,0.090256,0.000000,0.000000,0.000433
NVIDIA H100 NVL,1,0,circles_spatial3D_rtc,200,39366,27.000000,2.000000,1,2,2.000000,376.673096,0.004000,0.090988,0.000000,0.000000,0.000436
NVIDIA H100 NVL,1,0,circles_spatial3D,200,59049,27.000000,2.000000,1,0,3.000000,563.538696,0.000000,0.161328,0.000000,0.000000,0.000778
NVIDIA H100 NVL,1,0,circles_spatial3D,200,59049,27.000000,2.000000,1,1,3.000000,567.234314,0.000000,0.165689,0.000000,0.000000,0.000810
NVIDIA H100 NVL,1,0,circles_spatial3D,200,59049,27.000000,2.000000,1,2,3.000000,563.784119,0.000000,0.169075,0.000000,0.000000,0.000827
NVIDIA H100 NVL,1,0,circles_spatial3D_rtc,200,59049,27.000000,2.000000,1,0,3.000000,563.538696,0.004000,0.116387,0.000000,0.000000,0.000564
NVIDIA H100 NVL,1,0,circles_spatial3D_rtc,200,59049,27.000000,2.000000,1,1,3.000000,567.234314,0.004000,0.119074,0.000000,0.000000,0.000577
NVIDIA H100 NVL,1,0,circles_spatial3D_rtc,200,59049,27.000000,2.000000,1,2,3.000000,563.784119,0.004000,0.121074,0.000000,0.000000,0.000587
NVIDIA H100 NVL,1,0,circles_spatial3D,200,78732,27.000000,2.000000,1,0,4.000000,750.552429,0.000000,0.198689,0.000000,0.000000,0.000975
NVIDIA H100 NVL,1,0,circles_spatial3D,200,78732,27.000000,2.000000,1,1,4.000000,758.555603,0.000000,0.203145,0.000000,0.000000,0.000997
NVIDIA H100 NVL,1,0,circles_spatial3D,200,78732,27.000000,2.000000,1,2,4.000000,752.854919,0.000000,0.202373,0.000000,0.000000,0.000993
NVIDIA H100 NVL,1,0,circles_spatial3D_rtc,200,78732,27.000000,2.000000,1,0,4.000000,750.552429,0.004000,0.142588,0.000000,0.000000,0.000694
NVIDIA H100 NVL,1,0,circles_spatial3D_rtc,200,78732,27.000000,2.000000,1,1,4.000000,758.555603,0.004000,0.147198,0.000000,0.000000,0.000717
NVIDIA H100 NVL,1,0,circles_spatial3D_rtc,200,78732,27.000000,2.000000,1,2,4.000000,752.854919,0.004000,0.146594,0.000000,0.000000,0.000714
NVIDIA H100 NVL,1,0,circles_spatial3D,200,29791,31.000000,2.000000,1,0,1.000000,191.438614,0.000000,0.078832,0.000000,0.000000,0.000375
NVIDIA H100 NVL,1,0,circles_spatial3D,200,29791,31.000000,2.000000,1,1,1.000000,190.874008,0.000000,0.079910,0.000000,0.000000,0.000381
NVIDIA H100 NVL,1,0,circles_spatial3D,200,29791,31.000000,2.000000,1,2,1.000000,190.805923,0.000000,0.078733,0.000000,0.000000,0.000376
NVIDIA H100 NVL,1,0,circles_spatial3D_rtc,200,29791,31.000000,2.000000,1,0,1.000000,191.438553,0.004000,0.063137,0.000000,0.000000,0.000297
NVIDIA H100 NVL,1,0,circles_spatial3D_rtc,200,29791,31.000000,2.000000,1,1,1.000000,190.874008,0.004000,0.063787,0.000000,0.000000,0.000301
NVIDIA H100 NVL,1,0,circles_spatial3D_rtc,200,29791,31.000000,2.000000,1,2,1.000000,190.805939,0.004000,0.062967,0.000000,0.000000,0.000297
NVIDIA H100 NVL,1,0,circles_spatial3D,200,59582,31.000000,2.000000,1,0,2.000000,382.281708,0.000000,0.118806,0.000000,0.000000,0.000576
NVIDIA H100 NVL,1,0,circles_spatial3D,200,59582,31.000000,2.000000,1,1,2.000000,383.911926,0.000000,0.123303,0.000000,0.000000,0.000598
NVIDIA H100 NVL,1,0,circles_spatial3D,200,59582,31.000000,2.000000,1,2,2.000000,381.350891,0.000000,0.122756,0.000000,0.000000,0.000595
NVIDIA H100 NVL,1,0,circles_spatial3D_rtc,200,59582,31.000000,2.000000,1,0,2.000000,382.281677,0.004000,0.090100,0.000000,0.000000,0.000432
NVIDIA H100 NVL,1,0,circles_spatial3D_rtc,200,59582,31.000000,2.000000,1,1,2.000000,383.911926,0.004000,0.092169,0.000000,0.000000,0.000442
NVIDIA H100 NVL,1,0,circles_spatial3D_rtc,200,59582,31.000000,2.000000,1,2,2.000000,381.350952,0.004000,0.090904,0.000000,0.000000,0.000436
NVIDIA H100 NVL,1,0,circles_spatial3D,200,89373,31.000000,2.000000,1,0,3.000000,574.396362,0.000000,0.188528,0.000000,0.000000,0.000924
NVIDIA H100 NVL,1,0,circles_spatial3D,200,89373,31.000000,2.000000,1,1,3.000000,577.117004,0.000000,0.198457,0.000000,0.000000,0.000974
NVIDIA H100 NVL,1,0,circles_spatial3D,200,89373,31.000000,2.000000,1,2,3.000000,572.934631,0.000000,0.197768,0.000000,0.000000,0.000970
NVIDIA H100 NVL,1,0,circles_spatial3D_rtc,200,89373,31.000000,2.000000,1,0,3.000000,574.396362,0.004000,0.145224,0.000000,0.000000,0.000708
NVIDIA H100 NVL,1,0,circles_spatial3D_rtc,200,89373,31.000000,2.000000,1,1,3.000000,577.117004,0.003000,0.152618,0.000000,0.000000,0.000745
NVIDIA H100 NVL,1,0,circles_spatial3D_rtc,200,89373,31.000000,2.000000,1,2,3.000000,572.934631,0.004000,0.150969,0.000000,0.000000,0.000736
NVIDIA H100 NVL,1,0,circles_spatial3D,200,119164,31.000000,2.000000,1,0,4.000000,766.202820,0.000000,0.270879,0.000000,0.000000,0.001336
NVIDIA H100 NVL,1,0,circles_spatial3D,200,119164,31.000000,2.000000,1,1,4.000000,768.028137,0.000000,0.269828,0.000000,0.000000,0.001330
NVIDIA H100 NVL,1,0,circles_spatial3D,200,119164,31.000000,2.000000,1,2,4.000000,764.523438,0.000000,0.271295,0.000000,0.000000,0.001338
NVIDIA H100 NVL,1,0,circles_spatial3D_rtc,200,119164,31.000000,2.000000,1,0,4.000000,766.202820,0.004000,0.206697,0.000000,0.000000,0.001015
NVIDIA H100 NVL,1,0,circles_spatial3D_rtc,200,119164,31.000000,2.000000,1,1,4.000000,768.028076,0.004000,0.206030,0.000000,0.000000,0.001012
NVIDIA H100 NVL,1,0,circles_spatial3D_rtc,200,119164,31.000000,2.000000,1,2,4.000000,764.523499,0.004000,0.205689,0.000000,0.000000,0.001010
NVIDIA H100 NVL,1,0,circles_spatial3D,200,39304,34.000000,2.000000,1,0,1.000000,191.212479,0.000000,0.077992,0.000000,0.000000,0.000371
NVIDIA H100 NVL,1,0,circles_spatial3D,200,39304,34.000000,2.000000,1,1,1.000000,191.586197,0.000000,0.076596,0.000000,0.000000,0.000365
NVIDIA H100 NVL,1,0,circles_spatial3D,200,39304,34.000000,2.000000,1,2,1.000000,190.105743,0.000000,0.077291,0.000000,0.000000,0.000368
NVIDIA H100 NVL,1,0,circles_spatial3D_rtc,200,39304,34.000000,2.000000,1,0,1.000000,191.212494,0.003000,0.062784,0.000000,0.000000,0.000296
NVIDIA H100 NVL,1,0,circles_spatial3D_rtc,200,39304,34.000000,2.000000,1,1,1.000000,191.586166,0.004000,0.061752,0.000000,0.000000,0.000290
NVIDIA H100 NVL,1,0,circles_spatial3D_rtc,200,39304,34.000000,2.000000,1,2,1.000000,190.105804,0.003000,0.062305,0.000000,0.000000,0.000293
NVIDIA H100 NVL,1,0,circles_spatial3D,200,78608,34.000000,2.000000,1,0,2.000000,381.348877,0.000000,0.116794,0.000000,0.000000,0.000566
NVIDIA H100 NVL,1,0,circles_spatial3D,200,78608,34.000000,2.000000,1,1,2.000000,383.449677,0.000000,0.117834,0.000000,0.000000,0.000571
NVIDIA H100 NVL,1,0,circles_spatial3D,200,78608,34.000000,2.000000,1,2,2.000000,379.425903,0.000000,0.115504,0.000000,0.000000,0.000559
NVIDIA H100 NVL,1,0,circles_spatial3D_rtc,200,78608,34.000000,2.000000,1,0,2.000000,381.348938,0.004000,0.088801,0.000000,0.000000,0.000426
NVIDIA H100 NVL,1,0,circles_spatial3D_rtc,200,78608,34.000000,2.000000,1,1,2.000000,383.449646,0.004000,0.089341,0.000000,0.000000,0.000428
NVIDIA H100 NVL,1,0,circles_spatial3D_rtc,200,78608,34.000000,2.000000,1,2,2.000000,379.425934,0.004000,0.087861,0.000000,0.000000,0.000421
NVIDIA H100 NVL,1,0,circles_spatial3D,200,117912,34.000000,2.000000,1,0,3.000000,573.716248,0.000000,0.207454,0.000000,0.000000,0.001019
NVIDIA H100 NVL,1,0,circles_spatial3D,200,117912,34.000000,2.000000,1,1,3.000000,574.357422,0.000000,0.200782,0.000000,0.000000,0.000985
NVIDIA H100 NVL,1,0,circles_spatial3D,200,117912,34.000000,2.000000,1,2,3.000000,571.057739,0.000000,0.198902,0.000000,0.000000,0.000976
NVIDIA H100 NVL,1,0,circles_spatial3D_rtc,200,117912,34.000000,2.000000,1,0,3.000000,573.716309,0.004000,0.159759,0.000000,0.000000,0.000780
NVIDIA H100 NVL,1,0,circles_spatial3D_rtc,200,117912,34.000000,2.000000,1,1,3.000000,574.357361,0.004000,0.158747,0.000000,0.000000,0.000775
NVIDIA H100 NVL,1,0,circles_spatial3D_rtc,200,117912,34.000000,2.000000,1,2,3.000000,571.057678,0.003000,0.155727,0.000000,0.000000,0.000760
NVIDIA H100 NVL,1,0,circles_spatial3D,200,157216,34.000000,2.000000,1,0,4.000000,765.907959,0.000000,0.259125,0.000000,0.000000,0.001277
NVIDIA H100 NVL,1,0,circles_spatial3D,200,157216,34.000000,2.000000,1,1,4.000000,766.434998,0.000000,0.253295,0.000000,0.000000,0.001248
NVIDIA H100 NVL,1,0,circles_spatial3D,200,157216,34.000000,2.000000,1,2,4.000000,763.966553,0.000000,0.252010,0.000000,0.000000,0.001241
NVIDIA H100 NVL,1,0,circles_spatial3D_rtc,200,157216,34.000000,2.000000,1,0,4.000000,765.907959,0.004000,0.198668,0.000000,0.000000,0.000975
NVIDIA H100 NVL,1,0,circles_spatial3D_rtc,200,157216,34.000000,2.000000,1,1,4.000000,766.435059,0.004000,0.196423,0.000000,0.000000,0.000963
NVIDIA H100 NVL,1,0,circles_spatial3D_rtc,200,157216,34.000000,2.000000,1,2,4.000000,763.966431,0.004000,0.196441,0.000000,0.000000,0.000963
NVIDIA H100 NVL,1,0,circles_spatial3D,200,50653,37.000000,2.000000,1,0,1.000000,194.677551,0.000000,0.082543,0.000000,0.000000,0.000394
NVIDIA H100 NVL,1,0,circles_spatial3D,200,50653,37.000000,2.000000,1,1,1.000000,194.713684,0.000000,0.082103,0.000000,0.000000,0.000392
NVIDIA H100 NVL,1,0,circles_spatial3D,200,50653,37.000000,2.000000,1,2,1.000000,193.910995,0.000000,0.083447,0.000000,0.000000,0.000399
NVIDIA H100 NVL,1,0,circles_spatial3D_rtc,200,50653,37.000000,2.000000,1,0,1.000000,194.677582,0.003000,0.067162,0.000000,0.000000,0.000318
NVIDIA H100 NVL,1,0,circles_spatial3D_rtc,200,50653,37.000000,2.000000,1,1,1.000000,194.713669,0.003000,0.067009,0.000000,0.000000,0.000317
NVIDIA H100 NVL,1,0,circles_spatial3D_rtc,200,50653,37.000000,2.000000,1,2,1.000000,193.910980,0.004000,0.067956,0.000000,0.000000,0.000322
NVIDIA H100 NVL,1,0,circles_spatial3D,200,101306,37.000000,2.000000,1,0,2.000000,390.348877,0.000000,0.162909,0.000000,0.000000,0.000796
NVIDIA H100 NVL,1,0,circles_spatial3D,200,101306,37.000000,2.000000,1,1,2.000000,390.520935,0.000000,0.161255,0.000000,0.000000,0.000770
NVIDIA H100 NVL,1,0,circles_spatial3D,200,101306,37.000000,2.000000,1,2,2.000000,389.286377,0.000000,0.161169,0.000000,0.000000,0.000788
NVIDIA H100 NVL,1,0,circles_spatial3D_rtc,200,101306,37.000000,2.000000,1,0,2.000000,390.348877,0.004000,0.129063,0.000000,0.000000,0.000627
NVIDIA H100 NVL,1,0,circles_spatial3D_rtc,200,101306,37.000000,2.000000,1,1,2.000000,390.520905,0.003000,0.126344,0.000000,0.000000,0.000613
NVIDIA H100 NVL,1,0,circles_spatial3D_rtc,200,101306,37.000000,2.000000,1,2,2.000000,389.286407,0.004000,0.127435,0.000000,0.000000,0.000619
NVIDIA H100 NVL,1,0,circles_spatial3D,200,151959,37.000000,2.000000,1,0,3.000000,587.674622,0.000000,0.228103,0.000000,0.000000,0.001122
NVIDIA H100 NVL,1,0,circles_spatial3D,200,151959,37.000000,2.000000,1,1,3.000000,585.844360,0.000000,0.222283,0.000000,0.000000,0.001092
NVIDIA H100 NVL,1,0,circles_spatial3D,200,151959,37.000000,2.000000,1,2,3.000000,583.844482,0.000000,0.225073,0.000000,0.000000,0.001107
NVIDIA H100 NVL,1,0,circles_spatial3D_rtc,200,151959,37.000000,2.000000,1,0,3.000000,587.674622,0.004000,0.177355,0.000000,0.000000,0.000868
NVIDIA H100 NVL,1,0,circles_spatial3D_rtc,200,151959,37.000000,2.000000,1,1,3.000000,585.844360,0.003000,0.174218,0.000000,0.000000,0.000853
NVIDIA H100 NVL,1,0,circles_spatial3D_rtc,200,151959,37.000000,2.000000,1,2,3.000000,583.844421,0.003000,0.177541,0.000000,0.000000,0.000869
NVIDIA H100 NVL,1,0,circles_spatial3D,200,202612,37.000000,2.000000,1,0,4.000000,783.350342,0.000000,0.398259,0.000000,0.000000,0.001972
NVIDIA H100 NVL,1,0,circles_spatial3D,200,202612,37.000000,2.000000,1,1,4.000000,780.508911,0.000000,0.397829,0.000000,0.000000,0.001971
NVIDIA H100 NVL,1,0,circles_spatial3D,200,202612,37.000000,2.000000,1,2,4.000000,780.120300,0.000000,0.401419,0.000000,0.000000,0.001988
NVIDIA H100 NVL,1,0,circles_spatial3D_rtc,200,202612,37.000000,2.000000,1,0,4.000000,783.350403,0.004000,0.297758,0.000000,0.000000,0.001470
NVIDIA H100 NVL,1,0,circles_spatial3D_rtc,200,202612,37.000000,2.000000,1,1,4.000000,780.508911,0.004000,0.296982,0.000000,0.000000,0.001466
NVIDIA H100 NVL,1,0,circles_spatial3D_rtc,200,202612,37.000000,2.000000,1,2,4.000000,780.120300,0.003000,0.297751,0.000000,0.000000,0.001470
NVIDIA H100 NVL,1,0,circles_spatial3D,200,59319,39.000000,2.000000,1,0,1.000000,195.724411,0.000000,0.084772,0.000000,0.000000,0.000405
NVIDIA H100 NVL,1,0,circles_spatial3D,200,59319,39.000000,2.000000,1,1,1.000000,195.365036,0.000000,0.084431,0.000000,0.000000,0.000404
NVIDIA H100 NVL,1,0,circles_spatial3D,200,59319,39.000000,2.000000,1,2,1.000000,194.323868,0.000000,0.083581,0.000000,0.000000,0.000400
NVIDIA H100 NVL,1,0,circles_spatial3D_rtc,200,59319,39.000000,2.000000,1,0,1.000000,195.724380,0.002000,0.068251,0.000000,0.000000,0.000323
NVIDIA H100 NVL,1,0,circles_spatial3D_rtc,200,59319,39.000000,2.000000,1,1,1.000000,195.365082,0.003000,0.070206,0.000000,0.000000,0.000322
NVIDIA H100 NVL,1,0,circles_spatial3D_rtc,200,59319,39.000000,2.000000,1,2,1.000000,194.323853,0.003000,0.067679,0.000000,0.000000,0.000320
NVIDIA H100 NVL,1,0,circles_spatial3D,200,118638,39.000000,2.000000,1,0,2.000000,391.356262,0.000000,0.163153,0.000000,0.000000,0.000797
NVIDIA H100 NVL,1,0,circles_spatial3D,200,118638,39.000000,2.000000,1,1,2.000000,391.375183,0.000000,0.163227,0.000000,0.000000,0.000798
NVIDIA H100 NVL,1,0,circles_spatial3D,200,118638,39.000000,2.000000,1,2,2.000000,390.252686,0.000000,0.161707,0.000000,0.000000,0.000790
NVIDIA H100 NVL,1,0,circles_spatial3D_rtc,200,118638,39.000000,2.000000,1,0,2.000000,391.356293,0.004000,0.129811,0.000000,0.000000,0.000631
NVIDIA H100 NVL,1,0,circles_spatial3D_rtc,200,118638,39.000000,2.000000,1,1,2.000000,391.375153,0.003000,0.129540,0.000000,0.000000,0.000629
NVIDIA H100 NVL,1,0,circles_spatial3D_rtc,200,118638,39.000000,2.000000,1,2,2.000000,390.252686,0.003000,0.128891,0.000000,0.000000,0.000625
NVIDIA H100 NVL,1,0,circles_spatial3D,200,177957,39.000000,2.000000,1,0,3.000000,589.239868,0.000000,0.301605,0.000000,0.000000,0.001490
NVIDIA H100 NVL,1,0,circles_spatial3D,200,177957,39.000000,2.000000,1,1,3.000000,586.390259,0.000000,0.292416,0.000000,0.000000,0.001443
NVIDIA H100 NVL,1,0,circles_spatial3D,200,177957,39.000000,2.000000,1,2,3.000000,587.866516,0.000000,0.291070,0.000000,0.000000,0.001437
NVIDIA H100 NVL,1,0,circles_spatial3D_rtc,200,177957,39.000000,2.000000,1,0,3.000000,589.239868,0.004000,0.227706,0.000000,0.000000,0.001120
NVIDIA H100 NVL,1,0,circles_spatial3D_rtc,200,177957,39.000000,2.000000,1,1,3.000000,586.390259,0.004000,0.221902,0.000000,0.000000,0.001091
NVIDIA H100 NVL,1,0,circles_spatial3D_rtc,200,177957,39.000000,2.000000,1,2,3.000000,587.866516,0.003000,0.220516,0.000000,0.000000,0.001084
NVIDIA H100 NVL,1,0,circles_spatial3D,200,237276,39.000000,2.000000,1,0,4.000000,785.959290,0.000000,0.413923,0.000000,0.000000,0.002050
NVIDIA H100 NVL,1,0,circles_spatial3D,200,237276,39.000000,2.000000,1,1,4.000000,783.040649,0.000000,0.411746,0.000000,0.000000,0.002040
NVIDIA H100 NVL,1,0,circles_spatial3D,200,237276,39.000000,2.000000,1,2,4.000000,785.167114,0.000000,0.416158,0.000000,0.000000,0.002062
NVIDIA H100 NVL,1,0,circles_spatial3D_rtc,200,237276,39.000000,2.000000,1,0,4.000000,785.959290,0.004000,0.312345,0.000000,0.000000,0.001543
NVIDIA H100 NVL,1,0,circles_spatial3D_rtc,200,237276,39.000000,2.000000,1,1,4.000000,783.040649,0.004000,0.310553,0.000000,0.000000,0.001530
NVIDIA H100 NVL,1,0,circles_spatial3D_rtc,200,237276,39.000000,2.000000,1,2,4.000000,785.167114,0.004000,0.313954,0.000000,0.000000,0.001551
NVIDIA H100 NVL,1,0,circles_spatial3D,200,68921,41.000000,2.000000,1,0,1.000000,196.305588,0.000000,0.084485,0.000000,0.000000,0.000403
NVIDIA H100 NVL,1,0,circles_spatial3D,200,68921,41.000000,2.000000,1,1,1.000000,196.190353,0.000000,0.083994,0.000000,0.000000,0.000402
NVIDIA H100 NVL,1,0,circles_spatial3D,200,68921,41.000000,2.000000,1,2,1.000000,195.148621,0.000000,0.084253,0.000000,0.000000,0.000403
NVIDIA H100 NVL,1,0,circles_spatial3D_rtc,200,68921,41.000000,2.000000,1,0,1.000000,196.305588,0.002000,0.068502,0.000000,0.000000,0.000324
NVIDIA H100 NVL,1,0,circles_spatial3D_rtc,200,68921,41.000000,2.000000,1,1,1.000000,196.190353,0.002000,0.070486,0.000000,0.000000,0.000324
NVIDIA H100 NVL,1,0,circles_spatial3D_rtc,200,68921,41.000000,2.000000,1,2,1.000000,195.148621,0.004000,0.068281,0.000000,0.000000,0.000323
NVIDIA H100 NVL,1,0,circles_spatial3D,200,137842,41.000000,2.000000,1,0,2.000000,394.058014,0.000000,0.170302,0.000000,0.000000,0.000833
NVIDIA H100 NVL,1,0,circles_spatial3D,200,137842,41.000000,2.000000,1,1,2.000000,392.953033,0.000000,0.166785,0.000000,0.000000,0.000815
NVIDIA H100 NVL,1,0,circles_spatial3D,200,137842,41.000000,2.000000,1,2,2.000000,392.447388,0.000000,0.167146,0.000000,0.000000,0.000817
NVIDIA H100 NVL,1,0,circles_spatial3D_rtc,200,137842,41.000000,2.000000,1,0,2.000000,394.058014,0.004000,0.137879,0.000000,0.000000,0.000671
NVIDIA H100 NVL,1,0,circles_spatial3D_rtc,200,137842,41.000000,2.000000,1,1,2.000000,392.953033,0.003000,0.134283,0.000000,0.000000,0.000653
NVIDIA H100 NVL,1,0,circles_spatial3D_rtc,200,137842,41.000000,2.000000,1,2,2.000000,392.447357,0.003000,0.134822,0.000000,0.000000,0.000656
NVIDIA H100 NVL,1,0,circles_spatial3D,200,206763,41.000000,2.000000,1,0,3.000000,591.008911,0.000000,0.322850,0.000000,0.000000,0.001596
NVIDIA H100 NVL,1,0,circles_spatial3D,200,206763,41.000000,2.000000,1,1,3.000000,588.808716,0.000000,0.320804,0.000000,0.000000,0.001585
NVIDIA H100 NVL,1,0,circles_spatial3D,200,206763,41.000000,2.000000,1,2,3.000000,589.475159,0.000000,0.320108,0.000000,0.000000,0.001582
NVIDIA H100 NVL,1,0,circles_spatial3D_rtc,200,206763,41.000000,2.000000,1,0,3.000000,591.008789,0.004000,0.245451,0.000000,0.000000,0.001208
NVIDIA H100 NVL,1,0,circles_spatial3D_rtc,200,206763,41.000000,2.000000,1,1,3.000000,588.808716,0.003000,0.242573,0.000000,0.000000,0.001194
NVIDIA H100 NVL,1,0,circles_spatial3D_rtc,200,206763,41.000000,2.000000,1,2,3.000000,589.475159,0.003000,0.242729,0.000000,0.000000,0.001195
NVIDIA H100 NVL,1,0,circles_spatial3D,200,275684,41.000000,2.000000,1,0,4.000000,788.840454,0.000000,0.502803,0.000000,0.000000,0.002495
NVIDIA H100 NVL,1,0,circles_spatial3D,200,275684,41.000000,2.000000,1,1,4.000000,785.641357,0.000000,0.496756,0.000000,0.000000,0.002465
NVIDIA H100 NVL,1,0,circles_spatial3D,200,275684,41.000000,2.000000,1,2,4.000000,787.071411,0.000000,0.504987,0.000000,0.000000,0.002506
NVIDIA H100 NVL,1,0,circles_spatial3D_rtc,200,275684,41.000000,2.000000,1,0,4.000000,788.840454,0.004000,0.386155,0.000000,0.000000,0.001912
NVIDIA H100 NVL,1,0,circles_spatial3D_rtc,200,275684,41.000000,2.000000,1,1,4.000000,785.641357,0.003000,0.381715,0.000000,0.000000,0.001889
NVIDIA H100 NVL,1,0,circles_spatial3D_rtc,200,275684,41.000000,2.000000,1,2,4.000000,787.071411,0.003000,0.385797,0.000000,0.000000,0.001910
NVIDIA H100 NVL,1,0,circles_spatial3D,200,79507,43.000000,2.000000,1,0,1.000000,197.201263,0.000000,0.085287,0.000000,0.000000,0.000407
NVIDIA H100 NVL,1,0,circles_spatial3D,200,79507,43.000000,2.000000,1,1,1.000000,196.528580,0.000000,0.084925,0.000000,0.000000,0.000406
NVIDIA H100 NVL,1,0,circles_spatial3D,200,79507,43.000000,2.000000,1,2,1.000000,196.274979,0.000000,0.084212,0.000000,0.000000,0.000403
NVIDIA H100 NVL,1,0,circles_spatial3D_rtc,200,79507,43.000000,2.000000,1,0,1.000000,197.201233,0.002000,0.069583,0.000000,0.000000,0.000330
NVIDIA H100 NVL,1,0,circles_spatial3D_rtc,200,79507,43.000000,2.000000,1,1,1.000000,196.528549,0.002000,0.069118,0.000000,0.000000,0.000327
NVIDIA H100 NVL,1,0,circles_spatial3D_rtc,200,79507,43.000000,2.000000,1,2,1.000000,196.274979,0.002000,0.068807,0.000000,0.000000,0.000326
NVIDIA H100 NVL,1,0,circles_spatial3D,200,159014,43.000000,2.000000,1,0,2.000000,395.685577,0.000000,0.172097,0.000000,0.000000,0.000842
NVIDIA H100 NVL,1,0,circles_spatial3D,200,159014,43.000000,2.000000,1,1,2.000000,393.627380,0.000000,0.172859,0.000000,0.000000,0.000845
NVIDIA H100 NVL,1,0,circles_spatial3D,200,159014,43.000000,2.000000,1,2,2.000000,393.896362,0.000000,0.172145,0.000000,0.000000,0.000842
NVIDIA H100 NVL,1,0,circles_spatial3D_rtc,200,159014,43.000000,2.000000,1,0,2.000000,395.685638,0.004000,0.138433,0.000000,0.000000,0.000673
NVIDIA H100 NVL,1,0,circles_spatial3D_rtc,200,159014,43.000000,2.000000,1,1,2.000000,393.627380,0.003000,0.137512,0.000000,0.000000,0.000669
NVIDIA H100 NVL,1,0,circles_spatial3D_rtc,200,159014,43.000000,2.000000,1,2,2.000000,393.896362,0.004000,0.137177,0.000000,0.000000,0.000667
NVIDIA H100 NVL,1,0,circles_spatial3D,200,238521,43.000000,2.000000,1,0,3.000000,593.601868,0.000000,0.334565,0.000000,0.000000,0.001654
NVIDIA H100 NVL,1,0,circles_spatial3D,200,238521,43.000000,2.000000,1,1,3.000000,590.604248,0.000000,0.334229,0.000000,0.000000,0.001652
NVIDIA H100 NVL,1,0,circles_spatial3D,200,238521,43.000000,2.000000,1,2,3.000000,591.780090,0.000000,0.335077,0.000000,0.000000,0.001656
NVIDIA H100 NVL,1,0,circles_spatial3D_rtc,200,238521,43.000000,2.000000,1,0,3.000000,593.601868,0.004000,0.254132,0.000000,0.000000,0.001252
NVIDIA H100 NVL,1,0,circles_spatial3D_rtc,200,238521,43.000000,2.000000,1,1,3.000000,590.604309,0.003000,0.254719,0.000000,0.000000,0.001255
NVIDIA H100 NVL,1,0,circles_spatial3D_rtc,200,238521,43.000000,2.000000,1,2,3.000000,591.780090,0.003000,0.257386,0.000000,0.000000,0.001268
NVIDIA H100 NVL,1,0,circles_spatial3D,200,318028,43.000000,2.000000,1,0,4.000000,791.941895,0.000000,0.518194,0.000000,0.000000,0.002572
NVIDIA H100 NVL,1,0,circles_spatial3D,200,318028,43.000000,2.000000,1,1,4.000000,787.777283,0.000000,0.516835,0.000000,0.000000,0.002565
NVIDIA H100 NVL,1,0,circles_spatial3D,200,318028,43.000000,2.000000,1,2,4.000000,789.521790,0.000000,0.520810,0.000000,0.000000,0.002585
NVIDIA H100 NVL,1,0,circles_spatial3D_rtc,200,318028,43.000000,2.000000,1,0,4.000000,791.941772,0.004000,0.400531,0.000000,0.000000,0.001984
NVIDIA H100 NVL,1,0,circles_spatial3D_rtc,200,318028,43.000000,2.000000,1,1,4.000000,787.777283,0.003000,0.400525,0.000000,0.000000,0.001984
NVIDIA H100 NVL,1,0,circles_spatial3D_rtc,200,318028,43.000000,2.000000,1,2,4.000000,789.521790,0.003000,0.400784,0.000000,0.000000,0.001985
NVIDIA H100 NVL,1,0,circles_spatial3D,200,91125,45.000000,2.000000,1,0,1.000000,197.518295,0.000000,0.099507,0.000000,0.000000,0.000479
NVIDIA H100 NVL,1,0,circles_spatial3D,200,91125,45.000000,2.000000,1,1,1.000000,197.308899,0.000000,0.100998,0.000000,0.000000,0.000487
NVIDIA H100 NVL,1,0,circles_spatial3D,200,91125,45.000000,2.000000,1,2,1.000000,197.123596,0.000000,0.099729,0.000000,0.000000,0.000480
NVIDIA H100 NVL,1,0,circles_spatial3D_rtc,200,91125,45.000000,2.000000,1,0,1.000000,197.518250,0.003000,0.082598,0.000000,0.000000,0.000395
NVIDIA H100 NVL,1,0,circles_spatial3D_rtc,200,91125,45.000000,2.000000,1,1,1.000000,197.308884,0.002000,0.083822,0.000000,0.000000,0.000398
NVIDIA H100 NVL,1,0,circles_spatial3D_rtc,200,91125,45.000000,2.000000,1,2,1.000000,197.123581,0.002000,0.082063,0.000000,0.000000,0.000392
NVIDIA H100 NVL,1,0,circles_spatial3D,200,182250,45.000000,2.000000,1,0,2.000000,396.712860,0.000000,0.223446,0.000000,0.000000,0.001099
NVIDIA H100 NVL,1,0,circles_spatial3D,200,182250,45.000000,2.000000,1,1,2.000000,394.461670,0.000000,0.225653,0.000000,0.000000,0.001109
NVIDIA H100 NVL,1,0,circles_spatial3D,200,182250,45.000000,2.000000,1,2,2.000000,394.346588,0.000000,0.226263,0.000000,0.000000,0.001112
NVIDIA H100 NVL,1,0,circles_spatial3D_rtc,200,182250,45.000000,2.000000,1,0,2.000000,396.712860,0.004000,0.172502,0.000000,0.000000,0.000844
NVIDIA H100 NVL,1,0,circles_spatial3D_rtc,200,182250,45.000000,2.000000,1,1,2.000000,394.461639,0.003000,0.172865,0.000000,0.000000,0.000845
NVIDIA H100 NVL,1,0,circles_spatial3D_rtc,200,182250,45.000000,2.000000,1,2,2.000000,394.346588,0.003000,0.173398,0.000000,0.000000,0.000848
NVIDIA H100 NVL,1,0,circles_spatial3D,200,273375,45.000000,2.000000,1,0,3.000000,594.825562,0.000000,0.376290,0.000000,0.000000,0.001863
NVIDIA H100 NVL,1,0,circles_spatial3D,200,273375,45.000000,2.000000,1,1,3.000000,592.280273,0.000000,0.379131,0.000000,0.000000,0.001877
NVIDIA H100 NVL,1,0,circles_spatial3D,200,273375,45.000000,2.000000,1,2,3.000000,592.676392,0.000000,0.378705,0.000000,0.000000,0.001875
NVIDIA H100 NVL,1,0,circles_spatial3D_rtc,200,273375,45.000000,2.000000,1,0,3.000000,594.825623,0.004000,0.290702,0.000000,0.000000,0.001435
NVIDIA H100 NVL,1,0,circles_spatial3D_rtc,200,273375,45.000000,2.000000,1,1,3.000000,592.280273,0.003000,0.290387,0.000000,0.000000,0.001433
NVIDIA H100 NVL,1,0,circles_spatial3D_rtc,200,273375,45.000000,2.000000,1,2,3.000000,592.676270,0.003000,0.289831,0.000000,0.000000,0.001430
NVIDIA H100 NVL,1,0,circles_spatial3D,200,364500,45.000000,2.000000,1,0,4.000000,793.219666,0.000000,0.588954,0.000000,0.000000,0.002926
NVIDIA H100 NVL,1,0,circles_spatial3D,200,364500,45.000000,2.000000,1,1,4.000000,790.853271,0.000000,0.591467,0.000000,0.000000,0.002938
NVIDIA H100 NVL,1,0,circles_spatial3D,200,364500,45.000000,2.000000,1,2,4.000000,791.148804,0.000000,0.593460,0.000000,0.000000,0.002948
NVIDIA H100 NVL,1,0,circles_spatial3D_rtc,200,364500,45.000000,2.000000,1,0,4.000000,793.219666,0.004000,0.446173,0.000000,0.000000,0.002212
NVIDIA H100 NVL,1,0,circles_spatial3D_rtc,200,364500,45.000000,2.000000,1,1,4.000000,790.853271,0.003000,0.446967,0.000000,0.000000,0.002216
NVIDIA H100 NVL,1,0,circles_spatial3D_rtc,200,364500,45.000000,2.000000,1,2,4.000000,791.148926,0.003000,0.447402,0.000000,0.000000,0.002218
NVIDIA H100 NVL,1,0,circles_spatial3D,200,97336,46.000000,2.000000,1,0,1.000000,196.087662,0.000000,0.097951,0.000000,0.000000,0.000471
NVIDIA H100 NVL,1,0,circles_spatial3D,200,97336,46.000000,2.000000,1,1,1.000000,196.308472,0.000000,0.096231,0.000000,0.000000,0.000463
NVIDIA H100 NVL,1,0,circles_spatial3D,200,97336,46.000000,2.000000,1,2,1.000000,196.226562,0.000000,0.095481,0.000000,0.000000,0.000459
NVIDIA H100 NVL,1,0,circles_spatial3D_rtc,200,97336,46.000000,2.000000,1,0,1.000000,196.087662,0.003000,0.086006,0.000000,0.000000,0.000384
NVIDIA H100 NVL,1,0,circles_spatial3D_rtc,200,97336,46.000000,2.000000,1,1,1.000000,196.308456,0.002000,0.080295,0.000000,0.000000,0.000382
NVIDIA H100 NVL,1,0,circles_spatial3D_rtc,200,97336,46.000000,2.000000,1,2,1.000000,196.226562,0.002000,0.079322,0.000000,0.000000,0.000378
NVIDIA H100 NVL,1,0,circles_spatial3D,200,194672,46.000000,2.000000,1,0,2.000000,392.272705,0.000000,0.212236,0.000000,0.000000,0.001043
NVIDIA H100 NVL,1,0,circles_spatial3D,200,194672,46.000000,2.000000,1,1,2.000000,391.815948,0.000000,0.215422,0.000000,0.000000,0.001058
NVIDIA H100 NVL,1,0,circles_spatial3D,200,194672,46.000000,2.000000,1,2,2.000000,392.310547,0.000000,0.212808,0.000000,0.000000,0.001045
NVIDIA H100 NVL,1,0,circles_spatial3D_rtc,200,194672,46.000000,2.000000,1,0,2.000000,392.272705,0.004000,0.162218,0.000000,0.000000,0.000792
NVIDIA H100 NVL,1,0,circles_spatial3D_rtc,200,194672,46.000000,2.000000,1,1,2.000000,391.815948,0.003000,0.163938,0.000000,0.000000,0.000801
NVIDIA H100 NVL,1,0,circles_spatial3D_rtc,200,194672,46.000000,2.000000,1,2,2.000000,392.310669,0.003000,0.162444,0.000000,0.000000,0.000793
NVIDIA H100 NVL,1,0,circles_spatial3D,200,292008,46.000000,2.000000,1,0,3.000000,589.480469,0.000000,0.352858,0.000000,0.000000,0.001745
NVIDIA H100 NVL,1,0,circles_spatial3D,200,292008,46.000000,2.000000,1,1,3.000000,588.787903,0.000000,0.355185,0.000000,0.000000,0.001757
NVIDIA H100 NVL,1,0,circles_spatial3D,200,292008,46.000000,2.000000,1,2,3.000000,589.452820,0.000000,0.353931,0.000000,0.000000,0.001751
NVIDIA H100 NVL,1,0,circles_spatial3D_rtc,200,292008,46.000000,2.000000,1,0,3.000000,589.480469,0.004000,0.271389,0.000000,0.000000,0.001338
NVIDIA H100 NVL,1,0,circles_spatial3D_rtc,200,292008,46.000000,2.000000,1,1,3.000000,588.787903,0.003000,0.274156,0.000000,0.000000,0.001352
NVIDIA H100 NVL,1,0,circles_spatial3D_rtc,200,292008,46.000000,2.000000,1,2,3.000000,589.452820,0.003000,0.272571,0.000000,0.000000,0.001344
NVIDIA H100 NVL,1,0,circles_spatial3D,200,389344,46.000000,2.000000,1,0,4.000000,788.236511,0.000000,0.561864,0.000000,0.000000,0.002790
NVIDIA H100 NVL,1,0,circles_spatial3D,200,389344,46.000000,2.000000,1,1,4.000000,786.364319,0.000000,0.560783,0.000000,0.000000,0.002785
NVIDIA H100 NVL,1,0,circles_spatial3D,200,389344,46.000000,2.000000,1,2,4.000000,787.383606,0.000000,0.556503,0.000000,0.000000,0.002764
NVIDIA H100 NVL,1,0,circles_spatial3D_rtc,200,389344,46.000000,2.000000,1,0,4.000000,788.236511,0.004000,0.422595,0.000000,0.000000,0.002094
NVIDIA H100 NVL,1,0,circles_spatial3D_rtc,200,389344,46.000000,2.000000,1,1,4.000000,786.364319,0.003000,0.420704,0.000000,0.000000,0.002085
NVIDIA H100 NVL,1,0,circles_spatial3D_rtc,200,389344,46.000000,2.000000,1,2,4.000000,787.383606,0.003000,0.418799,0.000000,0.000000,0.002075
NVIDIA H100 NVL,1,0,circles_spatial3D,200,148877,53.000000,2.000000,1,0,1.000000,199.585922,0.000000,0.110164,0.000000,0.000000,0.000532
NVIDIA H100 NVL,1,0,circles_spatial3D,200,148877,53.000000,2.000000,1,1,1.000000,199.354141,0.000000,0.112617,0.000000,0.000000,0.000544
NVIDIA H100 NVL,1,0,circles_spatial3D,200,148877,53.000000,2.000000,1,2,1.000000,198.916626,0.000000,0.109528,0.000000,0.000000,0.000529
NVIDIA H100 NVL,1,0,circles_spatial3D_rtc,200,148877,53.000000,2.000000,1,0,1.000000,199.585892,0.003000,0.092636,0.000000,0.000000,0.000444
NVIDIA H100 NVL,1,0,circles_spatial3D_rtc,200,148877,53.000000,2.000000,1,1,1.000000,199.354095,0.002000,0.093421,0.000000,0.000000,0.000448
NVIDIA H100 NVL,1,0,circles_spatial3D_rtc,200,148877,53.000000,2.000000,1,2,1.000000,198.916626,0.002000,0.092068,0.000000,0.000000,0.000442
NVIDIA H100 NVL,1,0,circles_spatial3D,200,297754,53.000000,2.000000,1,0,2.000000,399.464020,0.000000,0.292751,0.000000,0.000000,0.001445
NVIDIA H100 NVL,1,0,circles_spatial3D,200,297754,53.000000,2.000000,1,1,2.000000,398.047424,0.000000,0.296090,0.000000,0.000000,0.001462
NVIDIA H100 NVL,1,0,circles_spatial3D,200,297754,53.000000,2.000000,1,2,2.000000,398.749054,0.000000,0.293221,0.000000,0.000000,0.001447
NVIDIA H100 NVL,1,0,circles_spatial3D_rtc,200,297754,53.000000,2.000000,1,0,2.000000,399.464050,0.004000,0.232514,0.000000,0.000000,0.001143
NVIDIA H100 NVL,1,0,circles_spatial3D_rtc,200,297754,53.000000,2.000000,1,1,2.000000,398.047424,0.003000,0.233341,0.000000,0.000000,0.001147
NVIDIA H100 NVL,1,0,circles_spatial3D_rtc,200,297754,53.000000,2.000000,1,2,2.000000,398.749023,0.003000,0.232589,0.000000,0.000000,0.001143
NVIDIA H100 NVL,1,0,circles_spatial3D,200,446631,53.000000,2.000000,1,0,3.000000,600.414246,0.000000,0.572312,0.000000,0.000000,0.002843
NVIDIA H100 NVL,1,0,circles_spatial3D,200,446631,53.000000,2.000000,1,1,3.000000,598.238770,0.000000,0.567741,0.000000,0.000000,0.002820
NVIDIA H100 NVL,1,0,circles_spatial3D,200,446631,53.000000,2.000000,1,2,3.000000,599.361572,0.000000,0.570286,0.000000,0.000000,0.002833
NVIDIA H100 NVL,1,0,circles_spatial3D_rtc,200,446631,53.000000,2.000000,1,0,3.000000,600.414246,0.003000,0.442977,0.000000,0.000000,0.002196
NVIDIA H100 NVL,1,0,circles_spatial3D_rtc,200,446631,53.000000,2.000000,1,1,3.000000,598.238770,0.003000,0.442559,0.000000,0.000000,0.002194
NVIDIA H100 NVL,1,0,circles_spatial3D_rtc,200,446631,53.000000,2.000000,1,2,3.000000,599.361511,0.003000,0.446536,0.000000,0.000000,0.002214
NVIDIA H100 NVL,1,0,circles_spatial3D,200,595508,53.000000,2.000000,1,0,4.000000,801.299866,0.000000,0.885078,0.000000,0.000000,0.004406
NVIDIA H100 NVL,1,0,circles_spatial3D,200,595508,53.000000,2.000000,1,1,4.000000,799.634460,0.000000,0.887009,0.000000,0.000000,0.004416
NVIDIA H100 NVL,1,0,circles_spatial3D,200,595508,53.000000,2.000000,1,2,4.000000,799.434387,0.000000,0.888514,0.000000,0.000000,0.004424
NVIDIA H100 NVL,1,0,circles_spatial3D_rtc,200,595508,53.000000,2.000000,1,0,4.000000,801.299866,0.003000,0.685080,0.000000,0.000000,0.003407
NVIDIA H100 NVL,1,0,circles_spatial3D_rtc,200,595508,53.000000,2.000000,1,1,4.000000,799.634521,0.003000,0.686165,0.000000,0.000000,0.003412
NVIDIA H100 NVL,1,0,circles_spatial3D_rtc,200,595508,53.000000,2.000000,1,2,4.000000,799.434448,0.003000,0.687489,0.000000,0.000000,0.003419
NVIDIA H100 NVL,1,0,circles_spatial3D,200,195112,58.000000,2.000000,1,0,1.000000,199.150436,0.000000,0.140853,0.000000,0.000000,0.000685
NVIDIA H100 NVL,1,0,circles_spatial3D,200,195112,58.000000,2.000000,1,1,1.000000,198.756348,0.000000,0.140358,0.000000,0.000000,0.000683
NVIDIA H100 NVL,1,0,circles_spatial3D,200,195112,58.000000,2.000000,1,2,1.000000,198.971741,0.000000,0.138619,0.000000,0.000000,0.000674
NVIDIA H100 NVL,1,0,circles_spatial3D_rtc,200,195112,58.000000,2.000000,1,0,1.000000,199.150391,0.003000,0.112673,0.000000,0.000000,0.000545
NVIDIA H100 NVL,1,0,circles_spatial3D_rtc,200,195112,58.000000,2.000000,1,1,1.000000,198.756348,0.002000,0.113285,0.000000,0.000000,0.000547
NVIDIA H100 NVL,1,0,circles_spatial3D_rtc,200,195112,58.000000,2.000000,1,2,1.000000,198.971741,0.002000,0.111902,0.000000,0.000000,0.000541
NVIDIA H100 NVL,1,0,circles_spatial3D,200,390224,58.000000,2.000000,1,0,2.000000,399.040283,0.000000,0.339471,0.000000,0.000000,0.001678
NVIDIA H100 NVL,1,0,circles_spatial3D,200,390224,58.000000,2.000000,1,1,2.000000,398.189301,0.000000,0.340204,0.000000,0.000000,0.001681
NVIDIA H100 NVL,1,0,circles_spatial3D,200,390224,58.000000,2.000000,1,2,2.000000,398.910950,0.000000,0.337609,0.000000,0.000000,0.001669
NVIDIA H100 NVL,1,0,circles_spatial3D_rtc,200,390224,58.000000,2.000000,1,0,2.000000,399.040222,0.003000,0.264752,0.000000,0.000000,0.001305
NVIDIA H100 NVL,1,0,circles_spatial3D_rtc,200,390224,58.000000,2.000000,1,1,2.000000,398.189301,0.003000,0.265051,0.000000,0.000000,0.001306
NVIDIA H100 NVL,1,0,circles_spatial3D_rtc,200,390224,58.000000,2.000000,1,2,2.000000,398.910980,0.003000,0.263890,0.000000,0.000000,0.001301
NVIDIA H100 NVL,1,0,circles_spatial3D,200,585336,58.000000,2.000000,1,0,3.000000,599.044861,0.000000,0.633106,0.000000,0.000000,0.003146
NVIDIA H100 NVL,1,0,circles_spatial3D,200,585336,58.000000,2.000000,1,1,3.000000,599.075745,0.000000,0.629353,0.000000,0.000000,0.003128
NVIDIA H100 NVL,1,0,circles_spatial3D,200,585336,58.000000,2.000000,1,2,3.000000,598.758423,0.000000,0.628770,0.000000,0.000000,0.003125
NVIDIA H100 NVL,1,0,circles_spatial3D_rtc,200,585336,58.000000,2.000000,1,0,3.000000,599.044861,0.004000,0.486560,0.000000,0.000000,0.002414
NVIDIA H100 NVL,1,0,circles_spatial3D_rtc,200,585336,58.000000,2.000000,1,1,3.000000,599.075806,0.003000,0.486088,0.000000,0.000000,0.002412
NVIDIA H100 NVL,1,0,circles_spatial3D_rtc,200,585336,58.000000,2.000000,1,2,3.000000,598.758423,0.003000,0.485413,0.000000,0.000000,0.002408
NVIDIA H100 NVL,1,0,circles_spatial3D,200,780448,58.000000,2.000000,1,0,4.000000,800.417480,0.000000,1.064932,0.000000,0.000000,0.005305
NVIDIA H100 NVL,1,0,circles_spatial3D,200,780448,58.000000,2.000000,1,1,4.000000,799.565002,0.000000,1.061607,0.000000,0.000000,0.005289
NVIDIA H100 NVL,1,0,circles_spatial3D,200,780448,58.000000,2.000000,1,2,4.000000,799.838928,0.000000,1.063223,0.000000,0.000000,0.005297
NVIDIA H100 NVL,1,0,circles_spatial3D_rtc,200,780448,58.000000,2.000000,1,0,4.000000,800.417419,0.003000,0.818043,0.000000,0.000000,0.004061
NVIDIA H100 NVL,1,0,circles_spatial3D_rtc,200,780448,58.000000,2.000000,1,1,4.000000,799.565002,0.003000,0.818716,0.000000,0.000000,0.004058
NVIDIA H100 NVL,1,0,circles_spatial3D_rtc,200,780448,58.000000,2.000000,1,2,4.000000,799.838928,0.003000,0.819091,0.000000,0.000000,0.004066
NVIDIA H100 NVL,1,0,circles_spatial3D,200,250047,63.000000,2.000000,1,0,1.000000,201.532867,0.000000,0.161428,0.000000,0.000000,0.000788
NVIDIA H100 NVL,1,0,circles_spatial3D,200,250047,63.000000,2.000000,1,1,1.000000,201.558365,0.000000,0.161913,0.000000,0.000000,0.000790
NVIDIA H100 NVL,1,0,circles_spatial3D,200,250047,63.000000,2.000000,1,2,1.000000,201.296188,0.000000,0.161110,0.000000,0.000000,0.000787
NVIDIA H100 NVL,1,0,circles_spatial3D_rtc,200,250047,63.000000,2.000000,1,0,1.000000,201.532852,0.002000,0.132059,0.000000,0.000000,0.000641
NVIDIA H100 NVL,1,0,circles_spatial3D_rtc,200,250047,63.000000,2.000000,1,1,1.000000,201.558365,0.003000,0.132428,0.000000,0.000000,0.000643
NVIDIA H100 NVL,1,0,circles_spatial3D_rtc,200,250047,63.000000,2.000000,1,2,1.000000,201.296188,0.003000,0.129974,0.000000,0.000000,0.000631
NVIDIA H100 NVL,1,0,circles_spatial3D,200,500094,63.000000,2.000000,1,0,2.000000,403.646088,0.000000,0.414089,0.000000,0.000000,0.002052
NVIDIA H100 NVL,1,0,circles_spatial3D,200,500094,63.000000,2.000000,1,1,2.000000,403.509491,0.000000,0.411476,0.000000,0.000000,0.002039
NVIDIA H100 NVL,1,0,circles_spatial3D,200,500094,63.000000,2.000000,1,2,2.000000,402.816406,0.000000,0.415737,0.000000,0.000000,0.002060
NVIDIA H100 NVL,1,0,circles_spatial3D_rtc,200,500094,63.000000,2.000000,1,0,2.000000,403.646088,0.004000,0.326751,0.000000,0.000000,0.001615
NVIDIA H100 NVL,1,0,circles_spatial3D_rtc,200,500094,63.000000,2.000000,1,1,2.000000,403.509491,0.004000,0.325348,0.000000,0.000000,0.001608
NVIDIA H100 NVL,1,0,circles_spatial3D_rtc,200,500094,63.000000,2.000000,1,2,2.000000,402.816406,0.004000,0.326243,0.000000,0.000000,0.001612
NVIDIA H100 NVL,1,0,circles_spatial3D,200,750141,63.000000,2.000000,1,0,3.000000,606.323242,0.000000,0.821256,0.000000,0.000000,0.004087
NVIDIA H100 NVL,1,0,circles_spatial3D,200,750141,63.000000,2.000000,1,1,3.000000,605.519714,0.000000,0.819747,0.000000,0.000000,0.004080
NVIDIA H100 NVL,1,0,circles_spatial3D,200,750141,63.000000,2.000000,1,2,3.000000,605.262756,0.000000,0.820121,0.000000,0.000000,0.004082
NVIDIA H100 NVL,1,0,circles_spatial3D_rtc,200,750141,63.000000,2.000000,1,0,3.000000,606.323242,0.003000,0.634372,0.000000,0.000000,0.003153
NVIDIA H100 NVL,1,0,circles_spatial3D_rtc,200,750141,63.000000,2.000000,1,1,3.000000,605.519714,0.004000,0.634929,0.000000,0.000000,0.003153
NVIDIA H100 NVL,1,0,circles_spatial3D_rtc,200,750141,63.000000,2.000000,1,2,3.000000,605.262756,0.003000,0.635759,0.000000,0.000000,0.003160
NVIDIA H100 NVL,1,0,circles_spatial3D,200,1000188,63.000000,2.000000,1,0,4.000000,809.227417,0.000000,1.368919,0.000000,0.000000,0.006825
NVIDIA H100 NVL,1,0,circles_spatial3D,200,1000188,63.000000,2.000000,1,1,4.000000,808.312561,0.000000,1.369601,0.000000,0.000000,0.006829
NVIDIA H100 NVL,1,0,circles_spatial3D,200,1000188,63.000000,2.000000,1,2,4.000000,807.912598,0.000000,1.369695,0.000000,0.000000,0.006829
NVIDIA H100 NVL,1,0,circles_spatial3D_rtc,200,1000188,63.000000,2.000000,1,0,4.000000,809.227417,0.003000,1.056043,0.000000,0.000000,0.005261
NVIDIA H100 NVL,1,0,circles_spatial3D_rtc,200,1000188,63.000000,2.000000,1,1,4.000000,808.312439,0.003000,1.052938,0.000000,0.000000,0.005246
NVIDIA H100 NVL,1,0,circles_spatial3D_rtc,200,1000188,63.000000,2.000000,1,2,4.000000,807.912659,0.003000,1.053432,0.000000,0.000000,0.005248
NVIDIA H100 NVL,1,0,circles_spatial3D,200,300763,67.000000,2.000000,1,0,1.000000,202.147507,0.000000,0.181537,0.000000,0.000000,0.000889
NVIDIA H100 NVL,1,0,circles_spatial3D,200,300763,67.000000,2.000000,1,1,1.000000,201.772018,0.000000,0.181848,0.000000,0.000000,0.000890
NVIDIA H100 NVL,1,0,circles_spatial3D,200,300763,67.000000,2.000000,1,2,1.000000,202.037781,0.000000,0.181193,0.000000,0.000000,0.000887
NVIDIA H100 NVL,1,0,circles_spatial3D_rtc,200,300763,67.000000,2.000000,1,0,1.000000,202.147507,0.002000,0.148999,0.000000,0.000000,0.000726
NVIDIA H100 NVL,1,0,circles_spatial3D_rtc,200,300763,67.000000,2.000000,1,1,1.000000,201.772018,0.002000,0.148758,0.000000,0.000000,0.000725
NVIDIA H100 NVL,1,0,circles_spatial3D_rtc,200,300763,67.000000,2.000000,1,2,1.000000,202.037781,0.002000,0.148457,0.000000,0.000000,0.000723
NVIDIA H100 NVL,1,0,circles_spatial3D,200,601526,67.000000,2.000000,1,0,2.000000,404.750732,0.000000,0.512506,0.000000,0.000000,0.002544
NVIDIA H100 NVL,1,0,circles_spatial3D,200,601526,67.000000,2.000000,1,1,2.000000,404.242310,0.000000,0.510460,0.000000,0.000000,0.002533
NVIDIA H100 NVL,1,0,circles_spatial3D,200,601526,67.000000,2.000000,1,2,2.000000,404.012665,0.000000,0.509745,0.000000,0.000000,0.002530
NVIDIA H100 NVL,1,0,circles_spatial3D_rtc,200,601526,67.000000,2.000000,1,0,2.000000,404.750732,0.003000,0.401643,0.000000,0.000000,0.001989
NVIDIA H100 NVL,1,0,circles_spatial3D_rtc,200,601526,67.000000,2.000000,1,1,2.000000,404.242340,0.003000,0.401143,0.000000,0.000000,0.001987
NVIDIA H100 NVL,1,0,circles_spatial3D_rtc,200,601526,67.000000,2.000000,1,2,2.000000,404.012665,0.003000,0.400256,0.000000,0.000000,0.001982
NVIDIA H100 NVL,1,0,circles_spatial3D,200,902289,67.000000,2.000000,1,0,3.000000,608.045959,0.000000,0.996105,0.000000,0.000000,0.004961
NVIDIA H100 NVL,1,0,circles_spatial3D,200,902289,67.000000,2.000000,1,1,3.000000,607.192688,0.000000,1.000933,0.000000,0.000000,0.004986
NVIDIA H100 NVL,1,0,circles_spatial3D,200,902289,67.000000,2.000000,1,2,3.000000,607.355530,0.000000,1.003001,0.000000,0.000000,0.004996
NVIDIA H100 NVL,1,0,circles_spatial3D_rtc,200,902289,67.000000,2.000000,1,0,3.000000,608.045959,0.003000,0.779281,0.000000,0.000000,0.003877
NVIDIA H100 NVL,1,0,circles_spatial3D_rtc,200,902289,67.000000,2.000000,1,1,3.000000,607.192688,0.003000,0.780149,0.000000,0.000000,0.003882
NVIDIA H100 NVL,1,0,circles_spatial3D_rtc,200,902289,67.000000,2.000000,1,2,3.000000,607.355530,0.004000,0.778392,0.000000,0.000000,0.003873
NVIDIA H100 NVL,1,0,circles_spatial3D,200,1203052,67.000000,2.000000,1,0,4.000000,811.999146,0.000000,1.672448,0.000000,0.000000,0.008343
NVIDIA H100 NVL,1,0,circles_spatial3D,200,1203052,67.000000,2.000000,1,1,4.000000,811.033142,0.000000,1.670698,0.000000,0.000000,0.008334
NVIDIA H100 NVL,1,0,circles_spatial3D,200,1203052,67.000000,2.000000,1,2,4.000000,811.078735,0.000000,1.676249,0.000000,0.000000,0.008362
NVIDIA H100 NVL,1,0,circles_spatial3D_rtc,200,1203052,67.000000,2.000000,1,0,4.000000,811.999146,0.003000,1.283629,0.000000,0.000000,0.006399
NVIDIA H100 NVL,1,0,circles_spatial3D_rtc,200,1203052,67.000000,2.000000,1,1,4.000000,811.033203,0.003000,1.282856,0.000000,0.000000,0.006395
NVIDIA H100 NVL,1,0,circles_spatial3D_rtc,200,1203052,67.000000,2.000000,1,2,4.000000,811.078674,0.003000,1.283834,0.000000,0.000000,0.006400
NVIDIA H100 NVL,1,0,circles_spatial3D,200,343000,70.000000,2.000000,1,0,1.000000,201.430252,0.000000,0.188216,0.000000,0.000000,0.000922
NVIDIA H100 NVL,1,0,circles_spatial3D,200,343000,70.000000,2.000000,1,1,1.000000,201.403458,0.000000,0.188120,0.000000,0.000000,0.000921
NVIDIA H100 NVL,1,0,circles_spatial3D,200,343000,70.000000,2.000000,1,2,1.000000,201.338318,0.000000,0.184175,0.000000,0.000000,0.000902
NVIDIA H100 NVL,1,0,circles_spatial3D_rtc,200,343000,70.000000,2.000000,1,0,1.000000,201.430252,0.003000,0.152731,0.000000,0.000000,0.000744
NVIDIA H100 NVL,1,0,circles_spatial3D_rtc,200,343000,70.000000,2.000000,1,1,1.000000,201.403458,0.003000,0.153227,0.000000,0.000000,0.000747
NVIDIA H100 NVL,1,0,circles_spatial3D_rtc,200,343000,70.000000,2.000000,1,2,1.000000,201.338364,0.002000,0.149863,0.000000,0.000000,0.000731
NVIDIA H100 NVL,1,0,circles_spatial3D,200,686000,70.000000,2.000000,1,0,2.000000,403.026398,0.000000,0.525897,0.000000,0.000000,0.002610
NVIDIA H100 NVL,1,0,circles_spatial3D,200,686000,70.000000,2.000000,1,1,2.000000,402.683868,0.000000,0.527203,0.000000,0.000000,0.002617
NVIDIA H100 NVL,1,0,circles_spatial3D,200,686000,70.000000,2.000000,1,2,2.000000,402.885345,0.000000,0.524241,0.000000,0.000000,0.002602
NVIDIA H100 NVL,1,0,circles_spatial3D_rtc,200,686000,70.000000,2.000000,1,0,2.000000,403.026398,0.002000,0.413089,0.000000,0.000000,0.002047
NVIDIA H100 NVL,1,0,circles_spatial3D_rtc,200,686000,70.000000,2.000000,1,1,2.000000,402.683838,0.002000,0.414004,0.000000,0.000000,0.002051
NVIDIA H100 NVL,1,0,circles_spatial3D_rtc,200,686000,70.000000,2.000000,1,2,2.000000,402.885345,0.003000,0.411614,0.000000,0.000000,0.002039
NVIDIA H100 NVL,1,0,circles_spatial3D,200,1029000,70.000000,2.000000,1,0,3.000000,605.534424,0.000000,1.039710,0.000000,0.000000,0.005179
NVIDIA H100 NVL,1,0,circles_spatial3D,200,1029000,70.000000,2.000000,1,1,3.000000,605.041504,0.000000,1.041138,0.000000,0.000000,0.005187
NVIDIA H100 NVL,1,0,circles_spatial3D,200,1029000,70.000000,2.000000,1,2,3.000000,605.212280,0.000000,1.035930,0.000000,0.000000,0.005160
NVIDIA H100 NVL,1,0,circles_spatial3D_rtc,200,1029000,70.000000,2.000000,1,0,3.000000,605.534424,0.003000,0.801052,0.000000,0.000000,0.003986
NVIDIA H100 NVL,1,0,circles_spatial3D_rtc,200,1029000,70.000000,2.000000,1,1,3.000000,605.041504,0.003000,0.803210,0.000000,0.000000,0.003997
NVIDIA H100 NVL,1,0,circles_spatial3D_rtc,200,1029000,70.000000,2.000000,1,2,3.000000,605.212280,0.003000,0.799294,0.000000,0.000000,0.003977
NVIDIA H100 NVL,1,0,circles_spatial3D,200,1372000,70.000000,2.000000,1,0,4.000000,809.741943,0.000000,1.741787,0.000000,0.000000,0.008690
NVIDIA H100 NVL,1,0,circles_spatial3D,200,1372000,70.000000,2.000000,1,1,4.000000,808.583435,0.000000,1.742967,0.000000,0.000000,0.008695
NVIDIA H100 NVL,1,0,circles_spatial3D,200,1372000,70.000000,2.000000,1,2,4.000000,807.684631,0.000000,1.745591,0.000000,0.000000,0.008709
NVIDIA H100 NVL,1,0,circles_spatial3D_rtc,200,1372000,70.000000,2.000000,1,0,4.000000,809.741943,0.003000,1.336065,0.000000,0.000000,0.006661
NVIDIA H100 NVL,1,0,circles_spatial3D_rtc,200,1372000,70.000000,2.000000,1,1,4.000000,808.583435,0.003000,1.337152,0.000000,0.000000,0.006666
NVIDIA H100 NVL,1,0,circles_spatial3D_rtc,200,1372000,70.000000,2.000000,1,2,4.000000,807.684509,0.003000,1.338100,0.000000,0.000000,0.006671
NVIDIA H100 NVL,1,0,circles_spatial3D,200,405224,74.000000,2.000000,1,0,1.000000,201.999329,0.000000,0.212088,0.000000,0.000000,0.001042
NVIDIA H100 NVL,1,0,circles_spatial3D,200,405224,74.000000,2.000000,1,1,1.000000,202.069611,0.000000,0.212782,0.000000,0.000000,0.001045
NVIDIA H100 NVL,1,0,circles_spatial3D,200,405224,74.000000,2.000000,1,2,1.000000,201.940384,0.000000,0.213642,0.000000,0.000000,0.001039
NVIDIA H100 NVL,1,0,circles_spatial3D_rtc,200,405224,74.000000,2.000000,1,0,1.000000,201.999329,0.003000,0.171903,0.000000,0.000000,0.000841
NVIDIA H100 NVL,1,0,circles_spatial3D_rtc,200,405224,74.000000,2.000000,1,1,1.000000,202.069611,0.003000,0.172595,0.000000,0.000000,0.000844
NVIDIA H100 NVL,1,0,circles_spatial3D_rtc,200,405224,74.000000,2.000000,1,2,1.000000,201.940353,0.003000,0.171124,0.000000,0.000000,0.000837
NVIDIA H100 NVL,1,0,circles_spatial3D,200,810448,74.000000,2.000000,1,0,2.000000,404.120117,0.000000,0.622681,0.000000,0.000000,0.003094
NVIDIA H100 NVL,1,0,circles_spatial3D,200,810448,74.000000,2.000000,1,1,2.000000,404.392395,0.000000,0.619665,0.000000,0.000000,0.003079
NVIDIA H100 NVL,1,0,circles_spatial3D,200,810448,74.000000,2.000000,1,2,2.000000,403.910065,0.000000,0.622907,0.000000,0.000000,0.003095
NVIDIA H100 NVL,1,0,circles_spatial3D_rtc,200,810448,74.000000,2.000000,1,0,2.000000,404.120117,0.003000,0.487171,0.000000,0.000000,0.002417
NVIDIA H100 NVL,1,0,circles_spatial3D_rtc,200,810448,74.000000,2.000000,1,1,2.000000,404.392395,0.003000,0.486272,0.000000,0.000000,0.002412
NVIDIA H100 NVL,1,0,circles_spatial3D_rtc,200,810448,74.000000,2.000000,1,2,2.000000,403.910065,0.004000,0.488479,0.000000,0.000000,0.002424
NVIDIA H100 NVL,1,0,circles_spatial3D,200,1215672,74.000000,2.000000,1,0,3.000000,607.661865,0.000000,1.258175,0.000000,0.000000,0.006272
NVIDIA H100 NVL,1,0,circles_spatial3D,200,1215672,74.000000,2.000000,1,1,3.000000,607.744202,0.000000,1.254345,0.000000,0.000000,0.006252
NVIDIA H100 NVL,1,0,circles_spatial3D,200,1215672,74.000000,2.000000,1,2,3.000000,606.890381,0.000000,1.256741,0.000000,0.000000,0.006264
NVIDIA H100 NVL,1,0,circles_spatial3D_rtc,200,1215672,74.000000,2.000000,1,0,3.000000,607.661865,0.003000,0.974847,0.000000,0.000000,0.004855
NVIDIA H100 NVL,1,0,circles_spatial3D_rtc,200,1215672,74.000000,2.000000,1,1,3.000000,607.744202,0.003000,0.975789,0.000000,0.000000,0.004860
NVIDIA H100 NVL,1,0,circles_spatial3D_rtc,200,1215672,74.000000,2.000000,1,2,3.000000,606.890320,0.003000,0.976844,0.000000,0.000000,0.004865
NVIDIA H100 NVL,1,0,circles_spatial3D,200,1620896,74.000000,2.000000,1,0,4.000000,811.057983,0.000000,2.070366,0.000000,0.000000,0.010333
NVIDIA H100 NVL,1,0,circles_spatial3D,200,1620896,74.000000,2.000000,1,1,4.000000,811.277588,0.000000,2.072982,0.000000,0.000000,0.010346
NVIDIA H100 NVL,1,0,circles_spatial3D,200,1620896,74.000000,2.000000,1,2,4.000000,810.475952,0.000000,2.074626,0.000000,0.000000,0.010354
NVIDIA H100 NVL,1,0,circles_spatial3D_rtc,200,1620896,74.000000,2.000000,1,0,4.000000,811.057983,0.003000,1.599305,0.000000,0.000000,0.007977
NVIDIA H100 NVL,1,0,circles_spatial3D_rtc,200,1620896,74.000000,2.000000,1,1,4.000000,811.277527,0.003000,1.603945,0.000000,0.000000,0.008000
NVIDIA H100 NVL,1,0,circles_spatial3D_rtc,200,1620896,74.000000,2.000000,1,2,4.000000,810.475952,0.004000,1.604299,0.000000,0.000000,0.008002
NVIDIA H100 NVL,1,0,circles_spatial3D,200,456533,77.000000,2.000000,1,0,1.000000,203.753891,0.000000,0.259894,0.000000,0.000000,0.001281
NVIDIA H100 NVL,1,0,circles_spatial3D,200,456533,77.000000,2.000000,1,1,1.000000,203.387573,0.000000,0.257852,0.000000,0.000000,0.001270
NVIDIA H100 NVL,1,0,circles_spatial3D,200,456533,77.000000,2.000000,1,2,1.000000,203.106354,0.000000,0.258081,0.000000,0.000000,0.001272
NVIDIA H100 NVL,1,0,circles_spatial3D_rtc,200,456533,77.000000,2.000000,1,0,1.000000,203.753906,0.003000,0.212403,0.000000,0.000000,0.001043
NVIDIA H100 NVL,1,0,circles_spatial3D_rtc,200,456533,77.000000,2.000000,1,1,1.000000,203.387619,0.003000,0.212042,0.000000,0.000000,0.001041
NVIDIA H100 NVL,1,0,circles_spatial3D_rtc,200,456533,77.000000,2.000000,1,2,1.000000,203.106354,0.002000,0.211501,0.000000,0.000000,0.001039
NVIDIA H100 NVL,1,0,circles_spatial3D,200,913066,77.000000,2.000000,1,0,2.000000,407.259308,0.000000,0.749156,0.000000,0.000000,0.003727
NVIDIA H100 NVL,1,0,circles_spatial3D,200,913066,77.000000,2.000000,1,1,2.000000,406.952332,0.000000,0.746885,0.000000,0.000000,0.003715
NVIDIA H100 NVL,1,0,circles_spatial3D,200,913066,77.000000,2.000000,1,2,2.000000,406.655731,0.000000,0.750218,0.000000,0.000000,0.003732
NVIDIA H100 NVL,1,0,circles_spatial3D_rtc,200,913066,77.000000,2.000000,1,0,2.000000,407.259308,0.002000,0.595789,0.000000,0.000000,0.002960
NVIDIA H100 NVL,1,0,circles_spatial3D_rtc,200,913066,77.000000,2.000000,1,1,2.000000,406.952393,0.003000,0.594000,0.000000,0.000000,0.002951
NVIDIA H100 NVL,1,0,circles_spatial3D_rtc,200,913066,77.000000,2.000000,1,2,2.000000,406.655701,0.003000,0.595844,0.000000,0.000000,0.002960
NVIDIA H100 NVL,1,0,circles_spatial3D,200,1369599,77.000000,2.000000,1,0,3.000000,611.787292,0.000000,1.523859,0.000000,0.000000,0.007600
NVIDIA H100 NVL,1,0,circles_spatial3D,200,1369599,77.000000,2.000000,1,1,3.000000,611.997803,0.000000,1.522377,0.000000,0.000000,0.007593
NVIDIA H100 NVL,1,0,circles_spatial3D,200,1369599,77.000000,2.000000,1,2,3.000000,610.691772,0.000000,1.528248,0.000000,0.000000,0.007622
NVIDIA H100 NVL,1,0,circles_spatial3D_rtc,200,1369599,77.000000,2.000000,1,0,3.000000,611.787292,0.003000,1.199039,0.000000,0.000000,0.005976
NVIDIA H100 NVL,1,0,circles_spatial3D_rtc,200,1369599,77.000000,2.000000,1,1,3.000000,611.997803,0.003000,1.198471,0.000000,0.000000,0.005973
NVIDIA H100 NVL,1,0,circles_spatial3D_rtc,200,1369599,77.000000,2.000000,1,2,3.000000,610.691711,0.003000,1.200044,0.000000,0.000000,0.005981
NVIDIA H100 NVL,1,0,circles_spatial3D,200,1826132,77.000000,2.000000,1,0,4.000000,816.863037,0.000000,2.574164,0.000000,0.000000,0.012851
NVIDIA H100 NVL,1,0,circles_spatial3D,200,1826132,77.000000,2.000000,1,1,4.000000,817.029358,0.000000,2.578723,0.000000,0.000000,0.012874
NVIDIA H100 NVL,1,0,circles_spatial3D,200,1826132,77.000000,2.000000,1,2,4.000000,815.543213,0.000000,2.583449,0.000000,0.000000,0.012898
NVIDIA H100 NVL,1,0,circles_spatial3D_rtc,200,1826132,77.000000,2.000000,1,0,4.000000,816.862976,0.003000,2.024418,0.000000,0.000000,0.010103
NVIDIA H100 NVL,1,0,circles_spatial3D_rtc,200,1826132,77.000000,2.000000,1,1,4.000000,817.029358,0.003000,2.019237,0.000000,0.000000,0.010077
NVIDIA H100 NVL,1,0,circles_spatial3D_rtc,200,1826132,77.000000,2.000000,1,2,4.000000,815.543213,0.003000,2.020180,0.000000,0.000000,0.010082
NVIDIA H100 NVL,1,0,circles_spatial3D,200,493039,79.000000,2.000000,1,0,1.000000,203.802536,0.000000,0.266663,0.000000,0.000000,0.001315
NVIDIA H100 NVL,1,0,circles_spatial3D,200,493039,79.000000,2.000000,1,1,1.000000,203.651382,0.000000,0.266796,0.000000,0.000000,0.001315
NVIDIA H100 NVL,1,0,circles_spatial3D,200,493039,79.000000,2.000000,1,2,1.000000,203.271622,0.000000,0.267462,0.000000,0.000000,0.001319
NVIDIA H100 NVL,1,0,circles_spatial3D_rtc,200,493039,79.000000,2.000000,1,0,1.000000,203.802536,0.003000,0.219921,0.000000,0.000000,0.001081
NVIDIA H100 NVL,1,0,circles_spatial3D_rtc,200,493039,79.000000,2.000000,1,1,1.000000,203.651382,0.003000,0.219924,0.000000,0.000000,0.001081
NVIDIA H100 NVL,1,0,circles_spatial3D_rtc,200,493039,79.000000,2.000000,1,2,1.000000,203.271637,0.003000,0.220402,0.000000,0.000000,0.001083
NVIDIA H100 NVL,1,0,circles_spatial3D,200,986078,79.000000,2.000000,1,0,2.000000,407.547180,0.000000,0.813716,0.000000,0.000000,0.004049
NVIDIA H100 NVL,1,0,circles_spatial3D,200,986078,79.000000,2.000000,1,1,2.000000,407.502136,0.000000,0.814418,0.000000,0.000000,0.004040
NVIDIA H100 NVL,1,0,circles_spatial3D,200,986078,79.000000,2.000000,1,2,2.000000,407.344818,0.000000,0.814071,0.000000,0.000000,0.004051
NVIDIA H100 NVL,1,0,circles_spatial3D_rtc,200,986078,79.000000,2.000000,1,0,2.000000,407.547180,0.003000,0.646977,0.000000,0.000000,0.003216
NVIDIA H100 NVL,1,0,circles_spatial3D_rtc,200,986078,79.000000,2.000000,1,1,2.000000,407.502197,0.003000,0.644985,0.000000,0.000000,0.003206
NVIDIA H100 NVL,1,0,circles_spatial3D_rtc,200,986078,79.000000,2.000000,1,2,2.000000,407.344818,0.003000,0.646125,0.000000,0.000000,0.003211
NVIDIA H100 NVL,1,0,circles_spatial3D,200,1479117,79.000000,2.000000,1,0,3.000000,612.351013,0.000000,1.656978,0.000000,0.000000,0.008266
NVIDIA H100 NVL,1,0,circles_spatial3D,200,1479117,79.000000,2.000000,1,1,3.000000,612.660950,0.000000,1.655422,0.000000,0.000000,0.008258
NVIDIA H100 NVL,1,0,circles_spatial3D,200,1479117,79.000000,2.000000,1,2,3.000000,611.729187,0.000000,1.662398,0.000000,0.000000,0.008293
NVIDIA H100 NVL,1,0,circles_spatial3D_rtc,200,1479117,79.000000,2.000000,1,0,3.000000,612.351074,0.003000,1.303419,0.000000,0.000000,0.006498
NVIDIA H100 NVL,1,0,circles_spatial3D_rtc,200,1479117,79.000000,2.000000,1,1,3.000000,612.660950,0.003000,1.303318,0.000000,0.000000,0.006497
NVIDIA H100 NVL,1,0,circles_spatial3D_rtc,200,1479117,79.000000,2.000000,1,2,3.000000,611.729248,0.003000,1.306302,0.000000,0.000000,0.006512
NVIDIA H100 NVL,1,0,circles_spatial3D,200,1972156,79.000000,2.000000,1,0,4.000000,817.588684,0.000000,2.794791,0.000000,0.000000,0.013955
NVIDIA H100 NVL,1,0,circles_spatial3D,200,1972156,79.000000,2.000000,1,1,4.000000,817.739380,0.000000,2.792515,0.000000,0.000000,0.013943
NVIDIA H100 NVL,1,0,circles_spatial3D,200,1972156,79.000000,2.000000,1,2,4.000000,816.852783,0.000000,2.802989,0.000000,0.000000,0.013996
NVIDIA H100 NVL,1,0,circles_spatial3D_rtc,200,1972156,79.000000,2.000000,1,0,4.000000,817.588684,0.003000,2.195457,0.000000,0.000000,0.010954
NVIDIA H100 NVL,1,0,circles_spatial3D_rtc,200,1972156,79.000000,2.000000,1,1,4.000000,817.739380,0.003000,2.192915,0.000000,0.000000,0.010945
NVIDIA H100 NVL,1,0,circles_spatial3D_rtc,200,1972156,79.000000,2.000000,1,2,4.000000,816.852722,0.003000,2.197539,0.000000,0.000000,0.010968
